,Reward
0,-51
1,-50
2,-53
3,-59
4,-52
5,5
6,-30
7,-26
8,-35
9,-50
10,-11
11,-19
12,-32
13,-3
14,-7
15,-51
16,-27
17,-21
18,-9
19,-43
20,-26
21,-37
22,-13
23,-50
24,14
25,-50
26,-50
27,-25
28,-18
29,-61
30,8
31,-8
32,-12
33,-63
34,-52
35,-52
36,-52
37,-52
38,-53
39,-58
40,-58
41,15
42,-56
43,3
44,-20
45,5
46,-50
47,8
48,-3
49,-18
50,-50
51,34
52,-16
53,-12
54,-66
55,-84
56,-66
57,46
58,6
59,17
60,-54
61,-50
62,-50
63,-51
64,-51
65,0
66,-8
67,-55
68,-52
69,-38
70,-58
71,-50
72,4
73,-9
74,-8
75,-6
76,-50
77,22
78,-68
79,-32
80,44
81,-24
82,-12
83,-1
84,-58
85,-50
86,-58
87,0
88,-50
89,-11
90,-8
91,-50
92,-50
93,-53
94,-50
95,-52
96,-67
97,-51
98,1
99,-50
100,-18
101,-14
102,29
103,-58
104,-51
105,-4
106,-13
107,6
108,15
109,-11
110,-51
111,-50
112,-50
113,-44
114,-34
115,12
116,-7
117,-52
118,-6
119,-50
120,-55
121,-51
122,-54
123,-54
124,-38
125,-50
126,-50
127,-52
128,-51
129,-33
130,-50
131,-51
132,-20
133,1
134,-28
135,-22
136,-22
137,-8
138,8
139,-7
140,4
141,-46
142,-3
143,-29
144,-50
145,-50
146,9
147,-9
148,-52
149,-50
150,-51
151,6
152,-26
153,-25
154,-50
155,-52
156,-51
157,-55
158,-54
159,-56
160,-50
161,42
162,-18
163,-5
164,12
165,-50
166,7
167,-23
168,-50
169,-15
170,-51
171,-3
172,-14
173,-22
174,-18
175,-50
176,-52
177,-51
178,-50
179,26
180,-50
181,23
182,-50
183,-45
184,-9
185,10
186,-12
187,-11
188,-52
189,-50
190,-14
191,33
192,6
193,-28
194,-18
195,-50
196,-50
197,-7
198,-6
199,11
200,-4
201,-16
202,8
203,31
204,2
205,-50
206,43
207,6
208,-62
209,-51
210,-50
211,-53
212,-11
213,-7
214,-27
215,33
216,-54
217,-23
218,-55
219,2
220,6
221,-7
222,-57
223,-69
224,-50
225,11
226,-44
227,32
228,-54
229,-53
230,-52
231,11
232,-18
233,-53
234,-20
235,-6
236,13
237,-7
238,-51
239,17
240,-52
241,-52
242,-39
243,-50
244,15
245,-28
246,-14
247,9
248,-50
249,114
250,-50
251,-14
252,-17
253,-51
254,45
255,-50
256,19
257,21
258,-50
259,-40
260,-53
261,44
262,-33
263,29
264,-50
265,-56
266,-58
267,-59
268,-8
269,-64
270,-50
271,4
272,35
273,-15
274,-50
275,-53
276,19
277,58
278,8
279,-14
280,-6
281,-50
282,33
283,7
284,21
285,2
286,-13
287,-9
288,38
289,-13
290,-51
291,17
292,-55
293,-18
294,-14
295,-6
296,6
297,-51
298,-51
299,22
300,-59
301,-36
302,-17
303,57
304,10
305,-51
306,-21
307,16
308,-70
309,22
310,-34
311,-2
312,-34
313,-50
314,-35
315,18
316,-34
317,-36
318,44
319,2
320,8
321,13
322,11
323,-59
324,18
325,-61
326,-19
327,8
328,-55
329,-14
330,-3
331,-9
332,7
333,-53
334,-27
335,40
336,-4
337,9
338,-50
339,-7
340,84
341,23
342,20
343,3
344,15
345,48
346,84
347,8
348,-41
349,-56
350,-66
351,-24
352,-30
353,12
354,-51
355,33
356,-24
357,9
358,1
359,-9
360,0
361,-15
362,25
363,0
364,-10
365,-5
366,27
367,4
368,-15
369,-4
370,51
371,18
372,43
373,5
374,24
375,-18
376,76
377,-76
378,17
379,24
380,-30
381,71
382,3
383,-50
384,-4
385,-24
386,9
387,43
388,-17
389,36
390,-7
391,-4
392,32
393,-11
394,-50
395,-29
396,-52
397,-8
398,40
399,-38
400,-50
401,9
402,57
403,106
404,15
405,-33
406,-36
407,63
408,-14
409,8
410,-10
411,-51
412,-49
413,23
414,-15
415,-14
416,23
417,-9
418,17
419,48
420,-57
421,21
422,18
423,3
424,-44
425,-41
426,-50
427,3
428,14
429,-62
430,-62
431,-11
432,-15
433,-16
434,-56
435,-16
436,-15
437,-38
438,-12
439,-7
440,8
441,-45
442,59
443,33
444,94
445,0
446,17
447,-4
448,0
449,0
450,-25
451,5
452,-24
453,96
454,-61
455,-1
456,10
457,-11
458,-22
459,63
460,41
461,35
462,-24
463,-9
464,-4
465,-9
466,59
467,15
468,-50
469,-22
470,-2
471,-59
472,-19
473,42
474,-13
475,-22
476,-37
477,31
478,0
479,44
480,7
481,47
482,2
483,3
484,8
485,7
486,60
487,56
488,-17
489,-10
490,4
491,20
492,16
493,-16
494,6
495,32
496,2
497,4
498,-46
499,18
500,57
501,62
502,-34
503,6
504,29
505,20
506,52
507,-22
508,3
509,13
510,55
511,42
512,9
513,46
514,42
515,37
516,-33
517,-10
518,87
519,25
520,3
521,1
522,56
523,99
524,-10
525,40
526,-50
527,3
528,59
529,9
530,54
531,-1
532,10
533,75
534,43
535,-7
536,-24
537,58
538,51
539,89
540,21
541,74
542,70
543,112
544,-15
545,40
546,95
547,91
548,-5
549,-32
550,26
551,128
552,122
553,8
554,10
555,-52
556,-51
557,-10
558,-58
559,65
560,-13
561,25
562,-50
563,5
564,8
565,-38
566,44
567,5
568,39
569,139
570,113
571,-2
572,99
573,2
574,119
575,71
576,49
577,57
578,10
579,27
580,-15
581,-50
582,-51
583,81
584,53
585,-82
586,40
587,72
588,43
589,30
590,3
591,27
592,29
593,87
594,82
595,-1
596,9
597,46
598,17
599,133
600,44
601,-50
602,-54
603,38
604,21
605,76
606,76
607,22
608,6
609,-44
610,-15
611,29
612,86
613,23
614,-8
615,63
616,26
617,91
618,29
619,-9
620,-51
621,154
622,17
623,17
624,274
625,74
626,0
627,67
628,15
629,209
630,58
631,-52
632,9
633,201
634,38
635,137
636,7
637,87
638,89
639,66
640,137
641,21
642,19
643,-5
644,-54
645,-60
646,62
647,2
648,42
649,197
650,-50
651,31
652,283
653,-61
654,103
655,123
656,144
657,-10
658,101
659,104
660,68
661,47
662,49
663,41
664,-69
665,0
666,26
667,12
668,124
669,35
670,-51
671,144
672,91
673,3
674,-28
675,-6
676,210
677,-16
678,98
679,49
680,-58
681,22
682,46
683,49
684,182
685,49
686,123
687,21
688,96
689,7
690,90
691,39
692,-24
693,100
694,90
695,35
696,26
697,145
698,121
699,80
700,26
701,4
702,127
703,-52
704,9
705,-78
706,-51
707,128
708,99
709,76
710,34
711,22
712,143
713,65
714,153
715,145
716,55
717,85
718,18
719,136
720,88
721,-51
722,29
723,47
724,23
725,66
726,-12
727,-21
728,11
729,59
730,160
731,106
732,-35
733,6
734,18
735,51
736,141
737,37
738,284
739,81
740,65
741,39
742,181
743,93
744,-27
745,92
746,83
747,105
748,56
749,55
750,235
751,1
752,-21
753,68
754,281
755,42
756,54
757,93
758,145
759,67
760,65
761,39
762,193
763,31
764,221
765,15
766,180
767,198
768,23
769,54
770,297
771,113
772,107
773,-50
774,301
775,339
776,246
777,228
778,44
779,-40
780,26
781,22
782,81
783,179
784,157
785,50
786,200
787,179
788,36
789,51
790,10
791,201
792,-11
793,43
794,115
795,336
796,110
797,70
798,-15
799,270
800,-50
801,90
802,64
803,102
804,-55
805,51
806,170
807,262
808,85
809,229
810,116
811,32
812,20
813,7
814,35
815,-50
816,159
817,125
818,110
819,148
820,99
821,105
822,18
823,270
824,44
825,97
826,99
827,179
828,-10
829,0
830,125
831,45
832,-6
833,246
834,-50
835,239
836,-37
837,346
838,-50
839,97
840,42
841,33
842,-50
843,280
844,-50
845,28
846,74
847,-56
848,-50
849,50
850,225
851,104
852,90
853,2
854,74
855,126
856,161
857,-19
858,126
859,76
860,6
861,126
862,163
863,162
864,97
865,-50
866,147
867,97
868,66
869,13
870,243
871,15
872,250
873,-62
874,-3
875,-44
876,149
877,148
878,63
879,7
880,94
881,197
882,168
883,257
884,48
885,110
886,8
887,31
888,149
889,157
890,-50
891,23
892,-26
893,147
894,366
895,-50
896,166
897,190
898,124
899,13
900,-51
901,153
902,163
903,171
904,-50
905,63
906,-53
907,63
908,69
909,171
910,8
911,24
912,76
913,-52
914,42
915,54
916,128
917,203
918,4
919,-57
920,-55
921,-11
922,-7
923,80
924,23
925,47
926,181
927,137
928,245
929,-13
930,125
931,-24
932,41
933,-18
934,-39
935,156
936,118
937,76
938,165
939,-50
940,50
941,-10
942,66
943,69
944,77
945,155
946,42
947,13
948,34
949,17
950,174
951,6
952,195
953,17
954,77
955,26
956,65
957,211
958,31
959,34
960,154
961,26
962,78
963,129
964,31
965,62
966,2
967,53
968,96
969,140
970,121
971,149
972,157
973,46
974,110
975,121
976,24
977,46
978,45
979,29
980,52
981,82
982,49
983,197
984,292
985,78
986,156
987,231
988,199
989,126
990,140
991,222
992,95
993,38
994,43
995,400
996,136
997,88
998,54
999,32
1000,149
1001,138
1002,-47
1003,125
1004,27
1005,-9
1006,197
1007,6
1008,73
1009,89
1010,203
1011,57
1012,111
1013,203
1014,-57
1015,-28
1016,113
1017,86
1018,6
1019,3
1020,-50
1021,51
1022,129
1023,66
1024,-60
1025,-66
1026,68
1027,66
1028,101
1029,-50
1030,4
1031,138
1032,132
1033,28
1034,-43
1035,57
1036,64
1037,4
1038,8
1039,23
1040,204
1041,-3
1042,-54
1043,-43
1044,99
1045,169
1046,64
1047,193
1048,84
1049,21
1050,118
1051,69
1052,-51
1053,278
1054,45
1055,61
1056,155
1057,34
1058,92
1059,60
1060,78
1061,46
1062,45
1063,158
1064,183
1065,149
1066,97
1067,130
1068,15
1069,43
1070,0
1071,2
1072,70
1073,-5
1074,-57
1075,-50
1076,92
1077,54
1078,11
1079,68
1080,159
1081,2
1082,216
1083,85
1084,79
1085,-30
1086,70
1087,57
1088,-50
1089,-15
1090,11
1091,10
1092,23
1093,24
1094,-50
1095,-57
1096,-50
1097,139
1098,71
1099,-62
1100,103
1101,117
1102,49
1103,87
1104,70
1105,5
1106,-9
1107,-74
1108,-51
1109,25
1110,133
1111,21
1112,285
1113,105
1114,28
1115,107
1116,50
1117,-50
1118,-8
1119,62
1120,108
1121,-58
1122,-36
1123,-55
1124,-12
1125,15
1126,66
1127,154
1128,184
1129,-56
1130,-56
1131,22
1132,79
1133,56
1134,320
1135,11
1136,60
1137,-53
1138,47
1139,50
1140,9
1141,67
1142,46
1143,-17
1144,62
1145,50
1146,232
1147,25
1148,166
1149,240
1150,72
1151,56
1152,69
1153,29
1154,-30
1155,97
1156,33
1157,256
1158,-20
1159,159
1160,42
1161,19
1162,224
1163,184
1164,-65
1165,117
1166,269
1167,166
1168,-54
1169,128
1170,63
1171,82
1172,-5
1173,58
1174,46
1175,70
1176,0
1177,188
1178,5
1179,-5
1180,36
1181,-18
1182,123
1183,189
1184,213
1185,127
1186,208
1187,90
1188,-53
1189,62
1190,43
1191,-52
1192,115
1193,212
1194,108
1195,65
1196,-50
1197,149
1198,54
1199,174
1200,21
1201,51
1202,-33
1203,-7
1204,108
1205,245
1206,139
1207,-50
1208,119
1209,44
1210,145
1211,24
1212,8
1213,226
1214,164
1215,67
1216,-14
1217,54
1218,40
1219,77
1220,20
1221,49
1222,53
1223,83
1224,128
1225,-87
1226,54
1227,118
1228,7
1229,140
1230,-6
1231,115
1232,173
1233,32
1234,-30
1235,-19
1236,156
1237,-23
1238,41
1239,15
1240,29
1241,5
1242,-33
1243,110
1244,302
1245,222
1246,-51
1247,52
1248,6
1249,156
1250,354
1251,11
1252,250
1253,43
1254,36
1255,109
1256,236
1257,181
1258,196
1259,64
1260,305
1261,100
1262,266
1263,8
1264,48
1265,183
1266,445
1267,77
1268,126
1269,240
1270,117
1271,222
1272,222
1273,194
1274,232
1275,30
1276,57
1277,78
1278,68
1279,11
1280,7
1281,70
1282,195
1283,342
1284,78
1285,70
1286,57
1287,1
1288,-50
1289,-67
1290,-50
1291,32
1292,52
1293,44
1294,-50
1295,-21
1296,164
1297,127
1298,34
1299,23
1300,272
1301,103
1302,-50
1303,52
1304,-69
1305,19
1306,332
1307,-21
1308,-4
1309,-51
1310,-12
1311,68
1312,175
1313,111
1314,84
1315,77
1316,49
1317,82
1318,68
1319,-51
1320,55
1321,356
1322,324
1323,156
1324,124
1325,201
1326,23
1327,47
1328,-14
1329,218
1330,72
1331,48
1332,91
1333,265
1334,150
1335,10
1336,108
1337,-7
1338,-15
1339,188
1340,-59
1341,39
1342,37
1343,139
1344,186
1345,86
1346,10
1347,190
1348,-100
1349,163
1350,123
1351,-55
1352,43
1353,-51
1354,51
1355,60
1356,55
1357,-20
1358,-58
1359,3
1360,-50
1361,-20
1362,3
1363,34
1364,-55
1365,25
1366,306
1367,29
1368,107
1369,-61
1370,93
1371,-107
1372,335
1373,156
1374,66
1375,79
1376,-57
1377,-50
1378,-55
1379,62
1380,64
1381,264
1382,323
1383,-8
1384,163
1385,262
1386,154
1387,-52
1388,135
1389,-50
1390,224
1391,186
1392,238
1393,235
1394,335
1395,168
1396,36
1397,15
1398,-51
1399,111
1400,-19
1401,172
1402,59
1403,44
1404,82
1405,62
1406,-12
1407,30
1408,4
1409,346
1410,277
1411,83
1412,23
1413,13
1414,49
1415,111
1416,39
1417,-7
1418,7
1419,419
1420,125
1421,-57
1422,71
1423,426
1424,28
1425,-12
1426,184
1427,-10
1428,142
1429,58
1430,261
1431,114
1432,137
1433,133
1434,-50
1435,229
1436,239
1437,46
1438,35
1439,-50
1440,26
1441,329
1442,-55
1443,42
1444,42
1445,43
1446,124
1447,21
1448,125
1449,62
1450,125
1451,113
1452,139
1453,42
1454,28
1455,110
1456,75
1457,186
1458,118
1459,75
1460,56
1461,84
1462,17
1463,94
1464,42
1465,262
1466,95
1467,-55
1468,103
1469,-36
1470,-62
1471,99
1472,23
1473,192
1474,324
1475,141
1476,41
1477,66
1478,28
1479,-7
1480,221
1481,142
1482,48
1483,80
1484,293
1485,18
1486,124
1487,-66
1488,14
1489,-67
1490,125
1491,106
1492,403
1493,271
1494,191
1495,105
1496,6
1497,172
1498,159
1499,53
1500,179
1501,213
1502,166
1503,118
1504,123
1505,111
1506,-50
1507,121
1508,113
1509,148
1510,128
1511,40
1512,43
1513,230
1514,166
1515,92
1516,84
1517,140
1518,3
1519,96
1520,450
1521,55
1522,-50
1523,72
1524,59
1525,244
1526,110
1527,67
1528,243
1529,-39
1530,483
1531,32
1532,54
1533,84
1534,173
1535,-53
1536,-67
1537,119
1538,150
1539,43
1540,32
1541,41
1542,156
1543,117
1544,199
1545,143
1546,183
1547,23
1548,182
1549,-50
1550,222
1551,78
1552,245
1553,-52
1554,184
1555,305
1556,-7
1557,31
1558,217
1559,187
1560,83
1561,62
1562,70
1563,7
1564,-56
1565,70
1566,69
1567,204
1568,-56
1569,-51
1570,278
1571,120
1572,126
1573,12
1574,64
1575,-55
1576,64
1577,175
1578,92
1579,180
1580,205
1581,-50
1582,123
1583,221
1584,66
1585,157
1586,76
1587,82
1588,-17
1589,6
1590,-11
1591,49
1592,114
1593,11
1594,245
1595,252
1596,51
1597,224
1598,166
1599,99
1600,289
1601,351
1602,82
1603,232
1604,229
1605,57
1606,245
1607,60
1608,208
1609,3
1610,88
1611,37
1612,128
1613,90
1614,143
1615,222
1616,53
1617,41
1618,132
1619,99
1620,98
1621,162
1622,66
1623,362
1624,101
1625,97
1626,-54
1627,39
1628,202
1629,165
1630,55
1631,33
1632,-28
1633,220
1634,-50
1635,-9
1636,159
1637,-50
1638,71
1639,19
1640,56
1641,65
1642,264
1643,86
1644,128
1645,194
1646,-52
1647,-66
1648,31
1649,203
1650,48
1651,61
1652,47
1653,204
1654,50
1655,229
1656,381
1657,92
1658,248
1659,258
1660,-50
1661,94
1662,-8
1663,113
1664,103
1665,51
1666,9
1667,-55
1668,91
1669,274
1670,128
1671,-62
1672,-50
1673,47
1674,-34
1675,64
1676,128
1677,268
1678,21
1679,47
1680,103
1681,113
1682,38
1683,19
1684,204
1685,153
1686,11
1687,55
1688,198
1689,69
1690,137
1691,10
1692,172
1693,30
1694,4
1695,272
1696,228
1697,7
1698,67
1699,51
1700,-57
1701,10
1702,1
1703,30
1704,46
1705,49
1706,13
1707,-52
1708,4
1709,80
1710,58
1711,-58
1712,70
1713,22
1714,14
1715,76
1716,-13
1717,251
1718,172
1719,61
1720,45
1721,50
1722,4
1723,7
1724,291
1725,53
1726,51
1727,160
1728,33
1729,86
1730,248
1731,143
1732,-57
1733,-55
1734,11
1735,133
1736,67
1737,-1
1738,61
1739,85
1740,223
1741,29
1742,219
1743,87
1744,233
1745,203
1746,136
1747,256
1748,99
1749,132
1750,-22
1751,126
1752,66
1753,-2
1754,199
1755,148
1756,120
1757,73
1758,116
1759,-58
1760,103
1761,194
1762,173
1763,333
1764,76
1765,162
1766,247
1767,56
1768,68
1769,68
1770,69
1771,59
1772,-9
1773,188
1774,87
1775,62
1776,-54
1777,9
1778,204
1779,-25
1780,81
1781,93
1782,237
1783,181
1784,-37
1785,319
1786,82
1787,13
1788,-50
1789,54
1790,117
1791,-3
1792,59
1793,2
1794,125
1795,8
1796,60
1797,89
1798,-19
1799,302
1800,147
1801,265
1802,152
1803,13
1804,27
1805,21
1806,14
1807,145
1808,58
1809,52
1810,-6
1811,216
1812,119
1813,123
1814,260
1815,62
1816,154
1817,-51
1818,31
1819,15
1820,-14
1821,286
1822,49
1823,65
1824,157
1825,35
1826,244
1827,130
1828,143
1829,7
1830,180
1831,117
1832,88
1833,-53
1834,159
1835,152
1836,429
1837,143
1838,9
1839,208
1840,17
1841,103
1842,38
1843,31
1844,-52
1845,56
1846,-1
1847,168
1848,323
1849,4
1850,163
1851,159
1852,83
1853,131
1854,212
1855,378
1856,140
1857,279
1858,39
1859,239
1860,24
1861,74
1862,239
1863,-7
1864,155
1865,367
1866,77
1867,27
1868,263
1869,47
1870,1
1871,48
1872,23
1873,181
1874,360
1875,340
1876,235
1877,21
1878,81
1879,216
1880,83
1881,106
1882,-5
1883,192
1884,55
1885,87
1886,-10
1887,35
1888,-57
1889,64
1890,-61
1891,109
1892,119
1893,98
1894,178
1895,426
1896,6
1897,220
1898,52
1899,133
1900,336
1901,-8
1902,74
1903,47
1904,-51
1905,-13
1906,84
1907,183
1908,291
1909,188
1910,97
1911,213
1912,-57
1913,-50
1914,26
1915,68
1916,17
1917,146
1918,23
1919,121
1920,-51
1921,-23
1922,10
1923,53
1924,47
1925,-56
1926,43
1927,117
1928,79
1929,-60
1930,243
1931,126
1932,81
1933,165
1934,-54
1935,105
1936,22
1937,254
1938,100
1939,-52
1940,241
1941,38
1942,87
1943,142
1944,253
1945,-1
1946,-52
1947,165
1948,260
1949,139
1950,275
1951,8
1952,117
1953,117
1954,50
1955,8
1956,17
1957,279
1958,-27
1959,6
1960,125
1961,223
1962,123
1963,86
1964,32
1965,259
1966,-35
1967,54
1968,46
1969,-50
1970,235
1971,24
1972,112
1973,193
1974,339
1975,81
1976,-52
1977,238
1978,319
1979,-65
1980,50
1981,71
1982,21
1983,-55
1984,70
1985,91
1986,135
1987,41
1988,-51
1989,34
1990,203
1991,62
1992,8
1993,115
1994,6
1995,163
1996,26
1997,9
1998,201
1999,133
2000,-53
2001,223
2002,144
2003,60
2004,125
2005,-10
2006,149
2007,27
2008,33
2009,103
2010,199
2011,83
2012,30
2013,106
2014,69
2015,52
2016,178
2017,28
2018,-50
2019,159
2020,123
2021,157
2022,-12
2023,175
2024,17
2025,-8
2026,192
2027,25
2028,361
2029,23
2030,-52
2031,118
2032,-19
2033,114
2034,44
2035,85
2036,-55
2037,147
2038,369
2039,277
2040,169
2041,224
2042,181
2043,154
2044,125
2045,196
2046,65
2047,-50
2048,-55
2049,148
2050,178
2051,359
2052,153
2053,-50
2054,24
2055,160
2056,276
2057,98
2058,3
2059,87
2060,428
2061,-50
2062,90
2063,274
2064,45
2065,93
2066,52
2067,99
2068,199
2069,1
2070,186
2071,-58
2072,11
2073,225
2074,-53
2075,354
2076,29
2077,51
2078,291
2079,99
2080,49
2081,131
2082,212
2083,-24
2084,110
2085,-50
2086,213
2087,0
2088,180
2089,118
2090,215
2091,267
2092,89
2093,108
2094,-23
2095,-2
2096,42
2097,189
2098,44
2099,204
2100,331
2101,15
2102,-58
2103,-32
2104,167
2105,-5
2106,-43
2107,-50
2108,-58
2109,7
2110,134
2111,438
2112,-50
2113,337
2114,199
2115,147
2116,-50
2117,85
2118,19
2119,106
2120,61
2121,33
2122,-50
2123,-57
2124,-50
2125,132
2126,33
2127,-50
2128,278
2129,37
2130,-55
2131,70
2132,110
2133,47
2134,284
2135,88
2136,93
2137,34
2138,112
2139,85
2140,-13
2141,203
2142,-38
2143,160
2144,-55
2145,-50
2146,62
2147,37
2148,-51
2149,71
2150,115
2151,51
2152,-60
2153,49
2154,195
2155,374
2156,-10
2157,224
2158,360
2159,146
2160,386
2161,80
2162,137
2163,490
2164,-6
2165,205
2166,47
2167,156
2168,199
2169,63
2170,245
2171,291
2172,135
2173,62
2174,42
2175,282
2176,330
2177,235
2178,169
2179,316
2180,8
2181,2
2182,17
2183,83
2184,128
2185,-51
2186,121
2187,148
2188,118
2189,207
2190,342
2191,168
2192,66
2193,126
2194,63
2195,148
2196,154
2197,99
2198,240
2199,285
2200,32
2201,94
2202,276
2203,-51
2204,589
2205,-51
2206,-50
2207,42
2208,37
2209,36
2210,200
2211,202
2212,253
2213,88
2214,113
2215,69
2216,9
2217,207
2218,157
2219,263
2220,-54
2221,267
2222,49
2223,78
2224,129
2225,228
2226,87
2227,103
2228,-11
2229,167
2230,419
2231,86
2232,-29
2233,227
2234,-62
2235,41
2236,43
2237,45
2238,109
2239,134
2240,33
2241,78
2242,143
2243,183
2244,89
2245,-5
2246,172
2247,47
2248,95
2249,195
2250,8
2251,120
2252,89
2253,84
2254,26
2255,127
2256,170
2257,-21
2258,67
2259,230
2260,27
2261,36
2262,12
2263,327
2264,51
2265,149
2266,43
2267,417
2268,357
2269,148
2270,46
2271,298
2272,5
2273,146
2274,115
2275,111
2276,207
2277,-51
2278,442
2279,127
2280,-57
2281,81
2282,72
2283,223
2284,63
2285,120
2286,82
2287,107
2288,-8
2289,125
2290,106
2291,61
2292,70
2293,24
2294,181
2295,45
2296,94
2297,33
2298,82
2299,29
2300,58
2301,81
2302,116
2303,11
2304,280
2305,144
2306,184
2307,87
2308,98
2309,-31
2310,318
2311,40
2312,245
2313,168
2314,382
2315,18
2316,-58
2317,226
2318,65
2319,29
2320,61
2321,24
2322,88
2323,31
2324,26
2325,126
2326,270
2327,27
2328,64
2329,195
2330,-50
2331,193
2332,-50
2333,60
2334,83
2335,123
2336,262
2337,42
2338,367
2339,187
2340,150
2341,256
2342,-12
2343,229
2344,67
2345,276
2346,130
2347,-56
2348,163
2349,59
2350,94
2351,-53
2352,441
2353,101
2354,247
2355,188
2356,187
2357,128
2358,81
2359,147
2360,-54
2361,105
2362,158
2363,68
2364,96
2365,99
2366,139
2367,122
2368,230
2369,26
2370,-7
2371,86
2372,173
2373,32
2374,-27
2375,131
2376,-2
2377,58
2378,167
2379,134
2380,158
2381,203
2382,181
2383,167
2384,58
2385,101
2386,55
2387,130
2388,352
2389,0
2390,281
2391,41
2392,227
2393,38
2394,163
2395,215
2396,281
2397,59
2398,115
2399,-68
2400,41
2401,102
2402,316
2403,240
2404,28
2405,143
2406,233
2407,90
2408,187
2409,45
2410,97
2411,375
2412,122
2413,194
2414,142
2415,93
2416,-52
2417,112
2418,175
2419,43
2420,-55
2421,-8
2422,212
2423,223
2424,87
2425,-16
2426,185
2427,189
2428,271
2429,-50
2430,266
2431,210
2432,319
2433,114
2434,56
2435,221
2436,242
2437,171
2438,276
2439,82
2440,-17
2441,426
2442,303
2443,14
2444,42
2445,47
2446,221
2447,198
2448,424
2449,103
2450,141
2451,214
2452,117
2453,41
2454,138
2455,267
2456,168
2457,195
2458,12
2459,117
2460,-52
2461,50
2462,27
2463,164
2464,162
2465,-50
2466,6
2467,33
2468,37
2469,375
2470,-50
2471,66
2472,33
2473,263
2474,358
2475,-50
2476,57
2477,13
2478,61
2479,118
2480,-18
2481,-50
2482,45
2483,161
2484,324
2485,-60
2486,370
2487,267
2488,138
2489,220
2490,261
2491,42
2492,175
2493,66
2494,164
2495,-5
2496,324
2497,-50
2498,-50
2499,202
2500,121
2501,168
2502,43
2503,220
2504,61
2505,390
2506,69
2507,41
2508,377
2509,176
2510,298
2511,31
2512,135
2513,53
2514,203
2515,43
2516,98
2517,214
2518,61
2519,35
2520,66
2521,291
2522,270
2523,312
2524,43
2525,54
2526,21
2527,293
2528,5
2529,280
2530,110
2531,219
2532,-50
2533,36
2534,162
2535,32
2536,64
2537,163
2538,-15
2539,112
2540,69
2541,172
2542,-50
2543,93
2544,89
2545,200
2546,179
2547,330
2548,46
2549,141
2550,50
2551,153
2552,-53
2553,150
2554,53
2555,71
2556,265
2557,68
2558,340
2559,134
2560,210
2561,36
2562,-7
2563,-51
2564,173
2565,307
2566,228
2567,337
2568,143
2569,-12
2570,93
2571,147
2572,-29
2573,-5
2574,21
2575,87
2576,105
2577,8
2578,308
2579,-56
2580,-12
2581,169
2582,352
2583,-50
2584,522
2585,23
2586,-50
2587,45
2588,46
2589,-65
2590,59
2591,47
2592,169
2593,162
2594,290
2595,100
2596,79
2597,-50
2598,328
2599,163
2600,215
2601,-53
2602,-53
2603,-50
2604,43
2605,64
2606,-50
2607,2
2608,105
2609,31
2610,201
2611,83
2612,167
2613,221
2614,5
2615,219
2616,102
2617,75
2618,43
2619,65
2620,88
2621,256
2622,66
2623,154
2624,215
2625,196
2626,177
2627,227
2628,258
2629,48
2630,-11
2631,91
2632,44
2633,194
2634,75
2635,282
2636,-9
2637,110
2638,-58
2639,154
2640,-2
2641,62
2642,18
2643,283
2644,96
2645,142
2646,-58
2647,224
2648,183
2649,-10
2650,131
2651,103
2652,87
2653,156
2654,289
2655,173
2656,84
2657,129
2658,69
2659,240
2660,72
2661,73
2662,215
2663,121
2664,125
2665,223
2666,-13
2667,6
2668,163
2669,97
2670,11
2671,76
2672,115
2673,-21
2674,170
2675,-13
2676,393
2677,141
2678,199
2679,123
2680,-1
2681,1
2682,-50
2683,267
2684,204
2685,121
2686,89
2687,-8
2688,-72
2689,350
2690,280
2691,302
2692,-50
2693,250
2694,293
2695,5
2696,13
2697,207
2698,427
2699,-52
2700,8
2701,130
2702,179
2703,-47
2704,203
2705,187
2706,7
2707,-52
2708,51
2709,253
2710,106
2711,-50
2712,-37
2713,136
2714,165
2715,10
2716,31
2717,95
2718,51
2719,-50
2720,354
2721,-50
2722,112
2723,94
2724,-50
2725,-50
2726,20
2727,177
2728,33
2729,275
2730,135
2731,155
2732,88
2733,-54
2734,35
2735,90
2736,162
2737,-50
2738,4
2739,54
2740,0
2741,291
2742,166
2743,129
2744,265
2745,164
2746,180
2747,226
2748,219
2749,290
2750,49
2751,133
2752,51
2753,80
2754,184
2755,316
2756,129
2757,42
2758,102
2759,1
2760,164
2761,38
2762,122
2763,-1
2764,76
2765,71
2766,116
2767,6
2768,152
2769,113
2770,-20
2771,-7
2772,212
2773,114
2774,74
2775,46
2776,108
2777,115
2778,87
2779,35
2780,99
2781,354
2782,-50
2783,335
2784,42
2785,170
2786,141
2787,212
2788,93
2789,37
2790,21
2791,15
2792,153
2793,51
2794,213
2795,22
2796,26
2797,178
2798,214
2799,83
2800,122
2801,120
2802,222
2803,216
2804,-50
2805,-50
2806,98
2807,205
2808,41
2809,132
2810,90
2811,22
2812,90
2813,433
2814,123
2815,22
2816,203
2817,118
2818,90
2819,131
2820,43
2821,-46
2822,9
2823,307
2824,171
2825,70
2826,105
2827,129
2828,34
2829,262
2830,30
2831,69
2832,-53
2833,-20
2834,157
2835,55
2836,9
2837,53
2838,79
2839,80
2840,69
2841,169
2842,55
2843,111
2844,-50
2845,105
2846,124
2847,210
2848,85
2849,336
2850,98
2851,241
2852,63
2853,43
2854,146
2855,66
2856,144
2857,256
2858,359
2859,64
2860,68
2861,99
2862,351
2863,-2
2864,51
2865,442
2866,220
2867,251
2868,56
2869,226
2870,43
2871,308
2872,0
2873,73
2874,89
2875,170
2876,182
2877,5
2878,311
2879,229
2880,185
2881,17
2882,174
2883,11
2884,188
2885,27
2886,177
2887,261
2888,99
2889,190
2890,85
2891,5
2892,3
2893,185
2894,-52
2895,104
2896,188
2897,-63
2898,5
2899,21
2900,76
2901,3
2902,68
2903,59
2904,109
2905,102
2906,277
2907,73
2908,128
2909,-63
2910,263
2911,273
2912,93
2913,141
2914,42
2915,-60
2916,106
2917,83
2918,151
2919,63
2920,84
2921,175
2922,-50
2923,133
2924,61
2925,55
2926,8
2927,-16
2928,203
2929,11
2930,341
2931,-58
2932,-50
2933,67
2934,41
2935,133
2936,287
2937,136
2938,-50
2939,288
2940,125
2941,95
2942,25
2943,-1
2944,7
2945,-50
2946,160
2947,29
2948,186
2949,78
2950,137
2951,36
2952,237
2953,45
2954,166
2955,112
2956,189
2957,330
2958,-8
2959,248
2960,71
2961,256
2962,-52
2963,130
2964,76
2965,-59
2966,139
2967,134
2968,205
2969,81
2970,-53
2971,97
2972,143
2973,-5
2974,10
2975,118
2976,23
2977,338
2978,51
2979,97
2980,246
2981,-54
2982,280
2983,70
2984,4
2985,-7
2986,63
2987,81
2988,99
2989,356
2990,149
2991,90
2992,331
2993,26
2994,-66
2995,80
2996,89
2997,10
2998,-32
2999,157
3000,181
3001,120
3002,280
3003,142
3004,155
3005,3
3006,301
3007,30
3008,363
3009,153
3010,218
3011,300
3012,-8
3013,16
3014,210
3015,67
3016,215
3017,103
3018,-31
3019,187
3020,315
3021,-12
3022,270
3023,160
3024,152
3025,101
3026,195
3027,41
3028,-16
3029,-13
3030,-40
3031,342
3032,202
3033,130
3034,46
3035,142
3036,250
3037,46
3038,189
3039,226
3040,245
3041,-17
3042,272
3043,39
3044,3
3045,-50
3046,-61
3047,42
3048,88
3049,92
3050,279
3051,72
3052,-40
3053,19
3054,458
3055,33
3056,5
3057,93
3058,28
3059,315
3060,18
3061,148
3062,25
3063,168
3064,254
3065,-50
3066,115
3067,193
3068,29
3069,164
3070,83
3071,-13
3072,325
3073,211
3074,66
3075,144
3076,180
3077,131
3078,-58
3079,405
3080,315
3081,117
3082,181
3083,175
3084,352
3085,68
3086,125
3087,182
3088,-53
3089,53
3090,336
3091,156
3092,141
3093,294
3094,135
3095,155
3096,106
3097,-13
3098,196
3099,-12
3100,197
3101,329
3102,245
3103,83
3104,396
3105,174
3106,294
3107,149
3108,79
3109,227
3110,197
3111,41
3112,450
3113,103
3114,312
3115,83
3116,170
3117,-2
3118,-50
3119,261
3120,243
3121,407
3122,71
3123,-50
3124,-8
3125,8
3126,84
3127,-1
3128,144
3129,-50
3130,-50
3131,121
3132,-11
3133,63
3134,-54
3135,124
3136,44
3137,57
3138,501
3139,103
3140,162
3141,311
3142,244
3143,125
3144,170
3145,207
3146,245
3147,-50
3148,116
3149,-42
3150,7
3151,259
3152,35
3153,8
3154,172
3155,-3
3156,96
3157,92
3158,162
3159,188
3160,426
3161,-50
3162,163
3163,283
3164,171
3165,-50
3166,190
3167,139
3168,336
3169,28
3170,44
3171,93
3172,66
3173,-60
3174,109
3175,49
3176,131
3177,91
3178,376
3179,-10
3180,-34
3181,228
3182,72
3183,-53
3184,268
3185,109
3186,30
3187,-51
3188,277
3189,82
3190,222
3191,20
3192,149
3193,14
3194,-32
3195,3
3196,13
3197,83
3198,161
3199,359
3200,125
3201,203
3202,183
3203,163
3204,-50
3205,93
3206,145
3207,165
3208,77
3209,-64
3210,180
3211,55
3212,155
3213,103
3214,295
3215,246
3216,229
3217,97
3218,197
3219,100
3220,9
3221,127
3222,42
3223,252
3224,78
3225,5
3226,105
3227,40
3228,157
3229,55
3230,79
3231,398
3232,24
3233,146
3234,93
3235,115
3236,-9
3237,215
3238,89
3239,2
3240,125
3241,241
3242,-61
3243,74
3244,-26
3245,59
3246,63
3247,263
3248,108
3249,89
3250,356
3251,146
3252,232
3253,309
3254,97
3255,256
3256,105
3257,174
3258,253
3259,141
3260,2
3261,94
3262,241
3263,197
3264,235
3265,102
3266,286
3267,-50
3268,156
3269,274
3270,110
3271,143
3272,103
3273,66
3274,452
3275,116
3276,292
3277,-50
3278,106
3279,16
3280,332
3281,26
3282,281
3283,59
3284,33
3285,-50
3286,175
3287,12
3288,80
3289,-53
3290,31
3291,89
3292,117
3293,11
3294,69
3295,167
3296,128
3297,318
3298,141
3299,125
3300,89
3301,167
3302,43
3303,62
3304,251
3305,4
3306,106
3307,70
3308,-56
3309,126
3310,223
3311,-8
3312,166
3313,6
3314,7
3315,109
3316,182
3317,-5
3318,6
3319,121
3320,148
3321,80
3322,-7
3323,144
3324,157
3325,-6
3326,274
3327,115
3328,-50
3329,21
3330,68
3331,79
3332,44
3333,85
3334,264
3335,42
3336,82
3337,42
3338,302
3339,351
3340,227
3341,103
3342,125
3343,269
3344,52
3345,328
3346,-24
3347,44
3348,46
3349,-1
3350,-55
3351,-51
3352,140
3353,174
3354,-50
3355,87
3356,142
3357,85
3358,37
3359,82
3360,15
3361,214
3362,81
3363,90
3364,179
3365,-50
3366,21
3367,103
3368,63
3369,114
3370,70
3371,73
3372,96
3373,129
3374,-17
3375,-61
3376,142
3377,104
3378,21
3379,-50
3380,-13
3381,75
3382,338
3383,3
3384,-50
3385,27
3386,155
3387,190
3388,327
3389,265
3390,288
3391,43
3392,203
3393,15
3394,56
3395,259
3396,11
3397,6
3398,5
3399,140
3400,106
3401,21
3402,-18
3403,-31
3404,337
3405,60
3406,197
3407,-50
3408,146
3409,-17
3410,135
3411,17
3412,-2
3413,-6
3414,209
3415,104
3416,206
3417,80
3418,13
3419,-50
3420,289
3421,-65
3422,203
3423,198
3424,124
3425,304
3426,-50
3427,145
3428,308
3429,298
3430,296
3431,32
3432,38
3433,149
3434,62
3435,41
3436,120
3437,10
3438,230
3439,10
3440,223
3441,173
3442,-53
3443,-3
3444,176
3445,188
3446,-53
3447,-51
3448,-52
3449,-50
3450,415
3451,43
3452,30
3453,-58
3454,-52
3455,-52
3456,-60
3457,-17
3458,-20
3459,113
3460,12
3461,127
3462,217
3463,222
3464,-52
3465,-9
3466,79
3467,242
3468,48
3469,-50
3470,-56
3471,-52
3472,146
3473,53
3474,43
3475,-38
3476,222
3477,124
3478,98
3479,41
3480,374
3481,153
3482,91
3483,189
3484,177
3485,369
3486,323
3487,279
3488,280
3489,51
3490,-62
3491,258
3492,-9
3493,21
3494,-22
3495,134
3496,93
3497,73
3498,101
3499,103
3500,324
3501,-51
3502,-51
3503,97
3504,21
3505,240
3506,261
3507,95
3508,110
3509,47
3510,79
3511,170
3512,16
3513,68
3514,277
3515,105
3516,164
3517,125
3518,135
3519,205
3520,160
3521,30
3522,145
3523,84
3524,205
3525,151
3526,27
3527,19
3528,186
3529,-50
3530,135
3531,-52
3532,82
3533,-59
3534,159
3535,248
3536,123
3537,48
3538,247
3539,231
3540,70
3541,250
3542,148
3543,331
3544,79
3545,82
3546,300
3547,352
3548,-16
3549,87
3550,19
3551,191
3552,31
3553,-53
3554,58
3555,270
3556,-100
3557,182
3558,425
3559,203
3560,133
3561,-10
3562,185
3563,19
3564,28
3565,201
3566,25
3567,260
3568,134
3569,157
3570,-5
3571,114
3572,66
3573,210
3574,-69
3575,-50
3576,-7
3577,60
3578,140
3579,146
3580,-56
3581,50
3582,409
3583,68
3584,129
3585,141
3586,88
3587,18
3588,-52
3589,165
3590,-54
3591,-63
3592,326
3593,201
3594,-57
3595,-57
3596,63
3597,36
3598,193
3599,-52
3600,9
3601,58
3602,85
3603,161
3604,4
3605,54
3606,303
3607,78
3608,50
3609,-53
3610,122
3611,186
3612,137
3613,-10
3614,73
3615,203
3616,9
3617,113
3618,157
3619,40
3620,300
3621,170
3622,75
3623,139
3624,-22
3625,29
3626,61
3627,0
3628,-50
3629,313
3630,-2
3631,107
3632,5
3633,158
3634,123
3635,69
3636,-38
3637,-19
3638,56
3639,61
3640,30
3641,-51
3642,-58
3643,262
3644,2
3645,170
3646,-52
3647,242
3648,-57
3649,69
3650,206
3651,36
3652,245
3653,23
3654,118
3655,58
3656,157
3657,28
3658,45
3659,211
3660,76
3661,33
3662,-24
3663,-50
3664,246
3665,47
3666,18
3667,204
3668,49
3669,-9
3670,-50
3671,347
3672,71
3673,43
3674,57
3675,-5
3676,-53
3677,90
3678,216
3679,3
3680,32
3681,-16
3682,-46
3683,157
3684,159
3685,58
3686,123
3687,60
3688,64
3689,-52
3690,27
3691,128
3692,144
3693,157
3694,323
3695,200
3696,10
3697,357
3698,163
3699,108
3700,40
3701,15
3702,-15
3703,54
3704,112
3705,47
3706,285
3707,13
3708,27
3709,133
3710,-50
3711,76
3712,106
3713,78
3714,32
3715,16
3716,50
3717,266
3718,102
3719,115
3720,108
3721,114
3722,191
3723,107
3724,95
3725,173
3726,110
3727,98
3728,124
3729,53
3730,276
3731,157
3732,-49
3733,-7
3734,98
3735,30
3736,126
3737,85
3738,-51
3739,118
3740,184
3741,350
3742,57
3743,150
3744,219
3745,148
3746,44
3747,118
3748,20
3749,121
3750,180
3751,303
3752,166
3753,213
3754,25
3755,104
3756,206
3757,47
3758,101
3759,-3
3760,180
3761,239
3762,-50
3763,31
3764,132
3765,102
3766,233
3767,198
3768,9
3769,72
3770,109
3771,208
3772,-33
3773,90
3774,56
3775,134
3776,154
3777,88
3778,79
3779,121
3780,114
3781,126
3782,60
3783,117
3784,-59
3785,293
3786,124
3787,-51
3788,2
3789,94
3790,159
3791,174
3792,156
3793,164
3794,43
3795,92
3796,254
3797,193
3798,51
3799,172
3800,9
3801,1
3802,32
3803,-11
3804,28
3805,85
3806,39
3807,42
3808,158
3809,85
3810,287
3811,182
3812,289
3813,26
3814,231
3815,62
3816,-50
3817,68
3818,239
3819,58
3820,255
3821,89
3822,212
3823,-12
3824,254
3825,167
3826,104
3827,313
3828,94
3829,152
3830,68
3831,125
3832,44
3833,97
3834,354
3835,102
3836,-50
3837,35
3838,116
3839,278
3840,298
3841,268
3842,-50
3843,117
3844,355
3845,26
3846,-11
3847,-65
3848,-55
3849,212
3850,7
3851,411
3852,-17
3853,4
3854,122
3855,-50
3856,29
3857,110
3858,-2
3859,-72
3860,-1
3861,84
3862,15
3863,182
3864,30
3865,311
3866,-9
3867,-25
3868,132
3869,283
3870,-9
3871,24
3872,-19
3873,134
3874,84
3875,-68
3876,65
3877,65
3878,124
3879,82
3880,21
3881,111
3882,303
3883,9
3884,202
3885,-9
3886,-11
3887,197
3888,-64
3889,390
3890,11
3891,-50
3892,-55
3893,-42
3894,-8
3895,-55
3896,49
3897,81
3898,-51
3899,181
3900,140
3901,120
3902,202
3903,274
3904,186
3905,134
3906,104
3907,179
3908,-8
3909,-15
3910,168
3911,143
3912,193
3913,137
3914,45
3915,141
3916,87
3917,121
3918,69
3919,-16
3920,204
3921,12
3922,133
3923,67
3924,83
3925,-14
3926,44
3927,119
3928,-50
3929,50
3930,363
3931,277
3932,361
3933,-18
3934,159
3935,99
3936,128
3937,47
3938,97
3939,211
3940,74
3941,22
3942,22
3943,-50
3944,213
3945,-5
3946,31
3947,27
3948,48
3949,-56
3950,191
3951,269
3952,63
3953,-50
3954,90
3955,122
3956,210
3957,60
3958,-17
3959,86
3960,58
3961,112
3962,124
3963,136
3964,61
3965,161
3966,-2
3967,-58
3968,82
3969,43
3970,105
3971,69
3972,274
3973,28
3974,142
3975,162
3976,187
3977,189
3978,124
3979,258
3980,59
3981,8
3982,-15
3983,126
3984,109
3985,241
3986,218
3987,13
3988,102
3989,-17
3990,5
3991,126
3992,168
3993,110
3994,39
3995,60
3996,-2
3997,223
3998,6
3999,38
4000,87
4001,16
4002,17
4003,140
4004,159
4005,22
4006,-22
4007,383
4008,144
4009,119
4010,-64
4011,168
4012,61
4013,-48
4014,85
4015,361
4016,23
4017,161
4018,300
4019,-10
4020,76
4021,195
4022,35
4023,157
4024,-19
4025,166
4026,211
4027,24
4028,336
4029,78
4030,216
4031,136
4032,-55
4033,306
4034,-50
4035,294
4036,107
4037,54
4038,34
4039,245
4040,32
4041,-32
4042,-50
4043,93
4044,-50
4045,-5
4046,106
4047,239
4048,240
4049,202
4050,63
4051,267
4052,156
4053,103
4054,-19
4055,144
4056,145
4057,247
4058,275
4059,248
4060,141
4061,62
4062,-50
4063,231
4064,31
4065,165
4066,108
4067,28
4068,38
4069,85
4070,17
4071,101
4072,55
4073,71
4074,-17
4075,212
4076,218
4077,232
4078,144
4079,283
4080,181
4081,5
4082,241
4083,226
4084,21
4085,122
4086,216
4087,1
4088,45
4089,144
4090,46
4091,44
4092,55
4093,25
4094,99
4095,264
4096,222
4097,153
4098,12
4099,198
4100,23
4101,26
4102,76
4103,222
4104,9
4105,280
4106,209
4107,-25
4108,320
4109,80
4110,39
4111,206
4112,32
4113,80
4114,8
4115,95
4116,-50
4117,39
4118,179
4119,20
4120,53
4121,-25
4122,-13
4123,-9
4124,230
4125,130
4126,102
4127,-7
4128,219
4129,26
4130,257
4131,-6
4132,302
4133,151
4134,344
4135,97
4136,94
4137,106
4138,23
4139,96
4140,48
4141,76
4142,76
4143,326
4144,391
4145,-7
4146,128
4147,168
4148,-50
4149,294
4150,-10
4151,34
4152,129
4153,90
4154,65
4155,62
4156,145
4157,369
4158,54
4159,61
4160,166
4161,215
4162,140
4163,95
4164,24
4165,198
4166,46
4167,107
4168,84
4169,166
4170,358
4171,392
4172,10
4173,48
4174,24
4175,61
4176,-54
4177,138
4178,127
4179,418
4180,225
4181,17
4182,26
4183,248
4184,105
4185,128
4186,148
4187,108
4188,226
4189,-15
4190,405
4191,114
4192,317
4193,285
4194,246
4195,123
4196,2
4197,228
4198,147
4199,169
4200,-8
4201,99
4202,-50
4203,47
4204,157
4205,217
4206,439
4207,274
4208,264
4209,-60
4210,20
4211,234
4212,93
4213,-56
4214,354
4215,269
4216,-55
4217,-53
4218,60
4219,206
4220,75
4221,-35
4222,70
4223,41
4224,175
4225,-7
4226,44
4227,99
4228,64
4229,108
4230,97
4231,84
4232,374
4233,126
4234,11
4235,124
4236,-50
4237,340
4238,183
4239,359
4240,-11
4241,47
4242,43
4243,139
4244,159
4245,71
4246,278
4247,212
4248,143
4249,203
4250,-52
4251,13
4252,83
4253,-50
4254,119
4255,238
4256,120
4257,49
4258,-50
4259,-29
4260,11
4261,20
4262,81
4263,112
4264,179
4265,249
4266,174
4267,253
4268,201
4269,203
4270,163
4271,12
4272,355
4273,71
4274,53
4275,175
4276,20
4277,151
4278,8
4279,0
4280,68
4281,90
4282,139
4283,92
4284,86
4285,162
4286,64
4287,147
4288,259
4289,225
4290,395
4291,160
4292,44
4293,-50
4294,306
4295,14
4296,22
4297,111
4298,159
4299,51
4300,219
4301,-51
4302,264
4303,100
4304,309
4305,-37
4306,154
4307,298
4308,120
4309,293
4310,195
4311,116
4312,263
4313,320
4314,256
4315,59
4316,217
4317,78
4318,326
4319,-3
4320,68
4321,90
4322,29
4323,28
4324,194
4325,27
4326,103
4327,312
4328,362
4329,433
4330,157
4331,166
4332,30
4333,-1
4334,122
4335,7
4336,237
4337,27
4338,77
4339,126
4340,28
4341,140
4342,-53
4343,309
4344,92
4345,49
4346,24
4347,-5
4348,7
4349,122
4350,22
4351,275
4352,-51
4353,178
4354,-72
4355,-51
4356,281
4357,4
4358,107
4359,28
4360,83
4361,229
4362,61
4363,301
4364,167
4365,220
4366,153
4367,137
4368,198
4369,292
4370,-8
4371,8
4372,112
4373,12
4374,206
4375,-22
4376,139
4377,118
4378,129
4379,166
4380,106
4381,7
4382,-65
4383,198
4384,51
4385,204
4386,56
4387,67
4388,123
4389,254
4390,194
4391,78
4392,243
4393,42
4394,161
4395,74
4396,189
4397,76
4398,113
4399,201
4400,205
4401,226
4402,316
4403,134
4404,55
4405,-18
4406,259
4407,183
4408,-52
4409,5
4410,106
4411,50
4412,83
4413,327
4414,142
4415,201
4416,79
4417,114
4418,187
4419,16
4420,113
4421,338
4422,79
4423,312
4424,24
4425,29
4426,163
4427,109
4428,45
4429,-50
4430,317
4431,91
4432,141
4433,22
4434,46
4435,93
4436,145
4437,159
4438,-50
4439,90
4440,42
4441,114
4442,-12
4443,289
4444,-50
4445,87
4446,11
4447,33
4448,89
4449,203
4450,87
4451,320
4452,11
4453,417
4454,156
4455,70
4456,70
4457,101
4458,192
4459,-53
4460,28
4461,89
4462,-50
4463,-50
4464,268
4465,7
4466,342
4467,31
4468,55
4469,26
4470,-62
4471,190
4472,122
4473,-55
4474,255
4475,-61
4476,357
4477,64
4478,121
4479,254
4480,76
4481,181
4482,174
4483,121
4484,206
4485,6
4486,62
4487,142
4488,18
4489,202
4490,-44
4491,84
4492,147
4493,446
4494,-53
4495,41
4496,216
4497,10
4498,191
4499,90
4500,409
4501,-50
4502,-2
4503,-23
4504,-38
4505,222
4506,11
4507,99
4508,36
4509,158
4510,63
4511,205
4512,64
4513,41
4514,275
4515,310
4516,-56
4517,166
4518,167
4519,124
4520,164
4521,32
4522,82
4523,232
4524,-50
4525,309
4526,158
4527,-3
4528,-31
4529,238
4530,88
4531,146
4532,108
4533,128
4534,9
4535,129
4536,86
4537,-50
4538,306
4539,61
4540,63
4541,82
4542,252
4543,6
4544,272
4545,-44
4546,275
4547,302
4548,44
4549,-57
4550,338
4551,43
4552,88
4553,-55
4554,155
4555,-13
4556,-50
4557,162
4558,163
4559,18
4560,113
4561,41
4562,372
4563,104
4564,-10
4565,199
4566,103
4567,199
4568,35
4569,12
4570,169
4571,147
4572,27
4573,180
4574,-17
4575,128
4576,3
4577,-7
4578,103
4579,167
4580,84
4581,108
4582,263
4583,111
4584,147
4585,38
4586,85
4587,328
4588,25
4589,-50
4590,465
4591,115
4592,60
4593,81
4594,82
4595,-6
4596,51
4597,33
4598,314
4599,88
4600,204
4601,168
4602,-50
4603,129
4604,-7
4605,64
4606,105
4607,436
4608,200
4609,140
4610,243
4611,136
4612,0
4613,124
4614,133
4615,83
4616,72
4617,7
4618,-16
4619,201
4620,120
4621,230
4622,-69
4623,114
4624,226
4625,76
4626,76
4627,86
4628,-50
4629,26
4630,203
4631,167
4632,344
4633,-56
4634,106
4635,244
4636,70
4637,13
4638,230
4639,222
4640,323
4641,159
4642,59
4643,318
4644,132
4645,50
4646,210
4647,-51
4648,32
4649,225
4650,174
4651,264
4652,-51
4653,132
4654,284
4655,119
4656,242
4657,142
4658,-54
4659,112
4660,232
4661,166
4662,64
4663,249
4664,5
4665,113
4666,48
4667,10
4668,79
4669,-9
4670,84
4671,-5
4672,83
4673,-50
4674,19
4675,71
4676,-13
4677,320
4678,-50
4679,-6
4680,233
4681,-50
4682,234
4683,225
4684,56
4685,36
4686,9
4687,204
4688,288
4689,252
4690,49
4691,73
4692,475
4693,285
4694,6
4695,92
4696,109
4697,167
4698,-44
4699,147
4700,128
4701,221
4702,145
4703,33
4704,91
4705,33
4706,53
4707,-51
4708,32
4709,249
4710,-25
4711,84
4712,270
4713,97
4714,208
4715,46
4716,110
4717,400
4718,26
4719,47
4720,57
4721,85
4722,86
4723,149
4724,232
4725,363
4726,15
4727,33
4728,95
4729,26
4730,59
4731,72
4732,243
4733,57
4734,100
4735,295
4736,139
4737,116
4738,14
4739,123
4740,221
4741,20
4742,138
4743,1
4744,60
4745,350
4746,71
4747,116
4748,89
4749,224
4750,-39
4751,51
4752,198
4753,-31
4754,-7
4755,40
4756,95
4757,202
4758,38
4759,358
4760,306
4761,294
4762,27
4763,111
4764,404
4765,-56
4766,96
4767,73
4768,108
4769,119
4770,205
4771,105
4772,260
4773,101
4774,-50
4775,283
4776,97
4777,-32
4778,-50
4779,-50
4780,192
4781,74
4782,-52
4783,58
4784,9
4785,22
4786,33
4787,79
4788,65
4789,-50
4790,163
4791,301
4792,98
4793,-55
4794,17
4795,150
4796,335
4797,160
4798,198
4799,-19
4800,360
4801,319
4802,109
4803,7
4804,384
4805,81
4806,234
4807,-32
4808,218
4809,119
4810,-27
4811,305
4812,301
4813,-1
4814,85
4815,55
4816,169
4817,37
4818,90
4819,145
4820,57
4821,248
4822,27
4823,71
4824,63
4825,294
4826,98
4827,196
4828,-50
4829,105
4830,152
4831,13
4832,390
4833,137
4834,-5
4835,-16
4836,447
4837,323
4838,83
4839,273
4840,227
4841,47
4842,212
4843,177
4844,55
4845,272
4846,273
4847,332
4848,33
4849,45
4850,186
4851,-16
4852,159
4853,216
4854,82
4855,47
4856,188
4857,329
4858,-34
4859,168
4860,221
4861,188
4862,89
4863,374
4864,154
4865,55
4866,25
4867,53
4868,139
4869,93
4870,-7
4871,314
4872,49
4873,72
4874,123
4875,28
4876,14
4877,-36
4878,36
4879,222
4880,107
4881,-50
4882,39
4883,205
4884,304
4885,116
4886,4
4887,292
4888,317
4889,25
4890,101
4891,84
4892,48
4893,140
4894,-66
4895,213
4896,138
4897,131
4898,103
4899,185
4900,45
4901,77
4902,18
4903,261
4904,136
4905,192
4906,-6
4907,158
4908,76
4909,67
4910,139
4911,-5
4912,194
4913,-61
4914,46
4915,-58
4916,131
4917,26
4918,227
4919,136
4920,388
4921,332
4922,-2
4923,137
4924,111
4925,228
4926,40
4927,131
4928,271
4929,61
4930,145
4931,21
4932,120
4933,-55
4934,199
4935,339
4936,112
4937,95
4938,-6
4939,177
4940,31
4941,32
4942,23
4943,70
4944,142
4945,289
4946,241
4947,104
4948,45
4949,84
4950,203
4951,100
4952,198
4953,119
4954,319
4955,27
4956,50
4957,188
4958,51
4959,324
4960,5
4961,-61
4962,233
4963,316
4964,185
4965,2
4966,111
4967,144
4968,84
4969,186
4970,194
4971,173
4972,45
4973,129
4974,284
4975,106
4976,83
4977,133
4978,-4
4979,180
4980,79
4981,156
4982,65
4983,89
4984,218
4985,159
4986,25
4987,349
4988,90
4989,164
4990,8
4991,295
4992,293
4993,131
4994,176
4995,4
4996,174
4997,206
4998,26
4999,106
5000,147
5001,-4
5002,41
5003,-9
5004,233
5005,27
5006,60
5007,97
5008,202
5009,67
5010,324
5011,48
5012,266
5013,51
5014,120
5015,218
5016,121
5017,163
5018,228
5019,289
5020,26
5021,49
5022,26
5023,-53
5024,-59
5025,-51
5026,337
5027,12
5028,31
5029,303
5030,89
5031,-4
5032,359
5033,62
5034,350
5035,411
5036,254
5037,147
5038,75
5039,243
5040,-50
5041,128
5042,145
5043,40
5044,83
5045,18
5046,42
5047,87
5048,251
5049,225
5050,142
5051,98
5052,47
5053,231
5054,369
5055,190
5056,223
5057,221
5058,132
5059,29
5060,118
5061,199
5062,104
5063,33
5064,131
5065,42
5066,174
5067,63
5068,183
5069,251
5070,94
5071,141
5072,49
5073,13
5074,-21
5075,57
5076,35
5077,118
5078,8
5079,-5
5080,191
5081,376
5082,42
5083,379
5084,161
5085,341
5086,125
5087,287
5088,204
5089,116
5090,53
5091,46
5092,132
5093,381
5094,-53
5095,-23
5096,74
5097,-1
5098,43
5099,169
5100,98
5101,188
5102,13
5103,123
5104,241
5105,42
5106,106
5107,-8
5108,-54
5109,237
5110,58
5111,107
5112,127
5113,-30
5114,328
5115,232
5116,-50
5117,-54
5118,86
5119,156
5120,51
5121,187
5122,220
5123,88
5124,122
5125,47
5126,198
5127,37
5128,104
5129,110
5130,446
5131,97
5132,127
5133,289
5134,204
5135,-50
5136,62
5137,-10
5138,20
5139,108
5140,134
5141,123
5142,93
5143,-12
5144,27
5145,138
5146,148
5147,-5
5148,9
5149,47
5150,117
5151,215
5152,144
5153,47
5154,244
5155,42
5156,76
5157,209
5158,47
5159,-51
5160,55
5161,3
5162,149
5163,50
5164,37
5165,60
5166,25
5167,51
5168,68
5169,39
5170,24
5171,193
5172,59
5173,274
5174,67
5175,71
5176,39
5177,-7
5178,26
5179,179
5180,29
5181,390
5182,61
5183,75
5184,41
5185,159
5186,-50
5187,205
5188,456
5189,313
5190,231
5191,293
5192,182
5193,57
5194,102
5195,331
5196,207
5197,-50
5198,83
5199,35
5200,53
5201,-50
5202,131
5203,141
5204,-5
5205,188
5206,105
5207,165
5208,17
5209,18
5210,143
5211,39
5212,149
5213,0
5214,171
5215,141
5216,-22
5217,37
5218,35
5219,271
5220,191
5221,332
5222,33
5223,181
5224,92
5225,-54
5226,88
5227,18
5228,157
5229,165
5230,15
5231,132
5232,76
5233,532
5234,299
5235,168
5236,130
5237,245
5238,159
5239,322
5240,101
5241,174
5242,186
5243,56
5244,93
5245,27
5246,4
5247,21
5248,76
5249,149
5250,86
5251,199
5252,-36
5253,24
5254,32
5255,169
5256,289
5257,108
5258,41
5259,383
5260,151
5261,237
5262,259
5263,24
5264,30
5265,306
5266,284
5267,275
5268,40
5269,89
5270,249
5271,326
5272,147
5273,162
5274,220
5275,133
5276,13
5277,323
5278,67
5279,370
5280,68
5281,14
5282,149
5283,1
5284,47
5285,-50
5286,-50
5287,269
5288,231
5289,169
5290,84
5291,169
5292,168
5293,53
5294,284
5295,154
5296,146
5297,204
5298,-13
5299,168
5300,291
5301,-50
5302,151
5303,-58
5304,12
5305,258
5306,150
5307,34
5308,91
5309,230
5310,-51
5311,102
5312,353
5313,181
5314,-9
5315,28
5316,87
5317,106
5318,268
5319,96
5320,173
5321,-16
5322,4
5323,27
5324,-3
5325,78
5326,153
5327,45
5328,19
5329,60
5330,67
5331,31
5332,96
5333,227
5334,50
5335,126
5336,48
5337,260
5338,-12
5339,14
5340,297
5341,72
5342,13
5343,1
5344,79
5345,105
5346,2
5347,67
5348,210
5349,87
5350,-13
5351,30
5352,42
5353,83
5354,111
5355,-50
5356,93
5357,295
5358,97
5359,8
5360,147
5361,103
5362,-54
5363,60
5364,63
5365,65
5366,287
5367,48
5368,85
5369,104
5370,215
5371,196
5372,39
5373,-53
5374,55
5375,71
5376,237
5377,92
5378,46
5379,173
5380,127
5381,-22
5382,17
5383,113
5384,266
5385,106
5386,138
5387,-33
5388,73
5389,133
5390,353
5391,45
5392,78
5393,165
5394,-53
5395,56
5396,47
5397,166
5398,5
5399,7
5400,321
5401,223
5402,-18
5403,78
5404,70
5405,73
5406,46
5407,112
5408,91
5409,49
5410,261
5411,20
5412,268
5413,-21
5414,90
5415,29
5416,86
5417,73
5418,175
5419,140
5420,59
5421,267
5422,220
5423,104
5424,285
5425,57
5426,83
5427,234
5428,90
5429,38
5430,-4
5431,283
5432,169
5433,323
5434,181
5435,127
5436,51
5437,-3
5438,67
5439,11
5440,150
5441,232
5442,69
5443,139
5444,92
5445,79
5446,101
5447,103
5448,162
5449,105
5450,38
5451,244
5452,23
5453,-58
5454,25
5455,-40
5456,148
5457,201
5458,35
5459,42
5460,245
5461,101
5462,161
5463,-50
5464,9
5465,130
5466,-12
5467,458
5468,223
5469,91
5470,115
5471,124
5472,84
5473,-50
5474,173
5475,104
5476,55
5477,117
5478,5
5479,-57
5480,411
5481,143
5482,108
5483,174
5484,121
5485,106
5486,-22
5487,-50
5488,63
5489,4
5490,160
5491,52
5492,94
5493,88
5494,156
5495,52
5496,-41
5497,90
5498,227
5499,150
5500,53
5501,50
5502,205
5503,13
5504,177
5505,238
5506,20
5507,117
5508,52
5509,-55
5510,163
5511,169
5512,-32
5513,232
5514,95
5515,212
5516,174
5517,57
5518,40
5519,-50
5520,46
5521,204
5522,151
5523,63
5524,82
5525,147
5526,120
5527,-122
5528,72
5529,56
5530,69
5531,110
5532,134
5533,221
5534,278
5535,167
5536,63
5537,82
5538,-5
5539,236
5540,15
5541,166
5542,229
5543,163
5544,65
5545,493
5546,80
5547,46
5548,87
5549,205
5550,16
5551,355
5552,18
5553,252
5554,-50
5555,50
5556,9
5557,361
5558,105
5559,102
5560,-63
5561,152
5562,-50
5563,-8
5564,136
5565,128
5566,322
5567,73
5568,45
5569,98
5570,84
5571,119
5572,89
5573,37
5574,-52
5575,214
5576,71
5577,-58
5578,149
5579,188
5580,227
5581,58
5582,44
5583,149
5584,123
5585,-55
5586,138
5587,64
5588,63
5589,22
5590,191
5591,117
5592,286
5593,-63
5594,103
5595,163
5596,111
5597,58
5598,190
5599,28
5600,251
5601,34
5602,40
5603,-50
5604,261
5605,10
5606,64
5607,104
5608,89
5609,134
5610,18
5611,186
5612,145
5613,311
5614,252
5615,44
5616,55
5617,206
5618,211
5619,54
5620,148
5621,103
5622,64
5623,278
5624,144
5625,118
5626,12
5627,252
5628,64
5629,192
5630,49
5631,239
5632,208
5633,63
5634,324
5635,208
5636,153
5637,147
5638,149
5639,241
5640,42
5641,109
5642,163
5643,85
5644,35
5645,342
5646,46
5647,137
5648,90
5649,1
5650,143
5651,113
5652,-3
5653,384
5654,217
5655,145
5656,220
5657,-50
5658,207
5659,181
5660,83
5661,-20
5662,169
5663,241
5664,-51
5665,-1
5666,4
5667,66
5668,71
5669,181
5670,39
5671,90
5672,-50
5673,83
5674,53
5675,164
5676,57
5677,78
5678,67
5679,57
5680,114
5681,-50
5682,313
5683,145
5684,297
5685,234
5686,59
5687,128
5688,106
5689,116
5690,90
5691,83
5692,64
5693,103
5694,120
5695,247
5696,116
5697,341
5698,359
5699,124
5700,191
5701,97
5702,244
5703,218
5704,151
5705,76
5706,227
5707,98
5708,301
5709,6
5710,65
5711,-12
5712,277
5713,12
5714,40
5715,164
5716,110
5717,2
5718,173
5719,89
5720,157
5721,249
5722,6
5723,64
5724,27
5725,64
5726,361
5727,415
5728,320
5729,-50
5730,152
5731,-10
5732,109
5733,153
5734,161
5735,105
5736,160
5737,37
5738,69
5739,130
5740,131
5741,255
5742,-50
5743,50
5744,16
5745,93
5746,111
5747,34
5748,186
5749,222
5750,232
5751,42
5752,179
5753,-50
5754,22
5755,187
5756,59
5757,184
5758,12
5759,26
5760,49
5761,149
5762,-5
5763,71
5764,103
5765,10
5766,327
5767,155
5768,366
5769,127
5770,148
5771,157
5772,40
5773,244
5774,247
5775,146
5776,152
5777,208
5778,114
5779,46
5780,332
5781,42
5782,37
5783,137
5784,252
5785,160
5786,187
5787,69
5788,27
5789,164
5790,-50
5791,343
5792,222
5793,223
5794,130
5795,-50
5796,125
5797,221
5798,107
5799,295
5800,168
5801,117
5802,49
5803,61
5804,220
5805,-10
5806,6
5807,67
5808,140
5809,245
5810,140
5811,240
5812,-50
5813,135
5814,193
5815,111
5816,93
5817,68
5818,30
5819,173
5820,85
5821,31
5822,49
5823,197
5824,5
5825,97
5826,6
5827,127
5828,184
5829,-50
5830,4
5831,273
5832,100
5833,78
5834,78
5835,95
5836,46
5837,2
5838,76
5839,50
5840,-50
5841,18
5842,210
5843,47
5844,76
5845,15
5846,-10
5847,75
5848,206
5849,410
5850,154
5851,74
5852,68
5853,304
5854,48
5855,27
5856,-25
5857,113
5858,-41
5859,29
5860,127
5861,-53
5862,12
5863,342
5864,16
5865,-3
5866,281
5867,-4
5868,-50
5869,22
5870,176
5871,117
5872,112
5873,144
5874,11
5875,182
5876,68
5877,126
5878,184
5879,203
5880,107
5881,184
5882,-50
5883,42
5884,145
5885,-50
5886,27
5887,171
5888,2
5889,-15
5890,165
5891,69
5892,111
5893,-65
5894,49
5895,122
5896,-50
5897,-11
5898,0
5899,155
5900,318
5901,160
5902,325
5903,58
5904,-50
5905,8
5906,89
5907,66
5908,-50
5909,31
5910,70
5911,-1
5912,207
5913,-3
5914,52
5915,306
5916,11
5917,84
5918,54
5919,111
5920,9
5921,354
5922,116
5923,180
5924,14
5925,98
5926,301
5927,155
5928,-11
5929,127
5930,118
5931,144
5932,42
5933,62
5934,1
5935,106
5936,249
5937,370
5938,7
5939,-57
5940,241
5941,115
5942,181
5943,12
5944,176
5945,160
5946,99
5947,162
5948,65
5949,26
5950,2
5951,-58
5952,160
5953,63
5954,57
5955,-51
5956,-50
5957,278
5958,70
5959,102
5960,298
5961,36
5962,140
5963,254
5964,118
5965,189
5966,147
5967,146
5968,215
5969,26
5970,88
5971,64
5972,172
5973,98
5974,156
5975,186
5976,9
5977,41
5978,-21
5979,-50
5980,301
5981,310
5982,22
5983,42
5984,201
5985,94
5986,275
5987,-59
5988,54
5989,91
5990,113
5991,2
5992,-14
5993,66
5994,236
5995,-51
5996,245
5997,132
5998,41
5999,98
6000,279
6001,136
6002,191
6003,-18
6004,118
6005,349
6006,135
6007,101
6008,77
6009,94
6010,71
6011,7
6012,14
6013,259
6014,272
6015,34
6016,287
6017,34
6018,72
6019,202
6020,56
6021,342
6022,25
6023,16
6024,454
6025,91
6026,-50
6027,57
6028,54
6029,62
6030,26
6031,108
6032,55
6033,280
6034,-11
6035,40
6036,131
6037,71
6038,40
6039,261
6040,130
6041,28
6042,273
6043,22
6044,134
6045,345
6046,25
6047,127
6048,286
6049,72
6050,115
6051,148
6052,336
6053,304
6054,-7
6055,2
6056,65
6057,75
6058,2
6059,42
6060,179
6061,-52
6062,77
6063,180
6064,-50
6065,154
6066,124
6067,76
6068,-58
6069,328
6070,229
6071,173
6072,0
6073,257
6074,151
6075,-56
6076,160
6077,469
6078,186
6079,183
6080,248
6081,31
6082,14
6083,47
6084,176
6085,86
6086,172
6087,250
6088,9
6089,-12
6090,-16
6091,195
6092,350
6093,246
6094,202
6095,225
6096,339
6097,222
6098,43
6099,221
6100,-10
6101,56
6102,141
6103,24
6104,100
6105,70
6106,107
6107,250
6108,-51
6109,342
6110,203
6111,127
6112,85
6113,-50
6114,86
6115,443
6116,141
6117,262
6118,123
6119,8
6120,394
6121,175
6122,108
6123,314
6124,-50
6125,43
6126,223
6127,191
6128,200
6129,169
6130,577
6131,-31
6132,36
6133,312
6134,-12
6135,205
6136,74
6137,114
6138,211
6139,77
6140,109
6141,43
6142,82
6143,248
6144,83
6145,84
6146,141
6147,232
6148,295
6149,155
6150,122
6151,39
6152,221
6153,47
6154,51
6155,157
6156,157
6157,74
6158,101
6159,308
6160,21
6161,57
6162,211
6163,239
6164,182
6165,16
6166,-9
6167,10
6168,-5
6169,130
6170,89
6171,-6
6172,99
6173,175
6174,97
6175,112
6176,453
6177,150
6178,-29
6179,72
6180,67
6181,71
6182,-57
6183,148
6184,303
6185,53
6186,29
6187,206
6188,125
6189,396
6190,49
6191,174
6192,69
6193,117
6194,138
6195,363
6196,120
6197,103
6198,37
6199,133
6200,134
6201,205
6202,-11
6203,-51
6204,342
6205,91
6206,138
6207,178
6208,21
6209,231
6210,-40
6211,106
6212,14
6213,53
6214,213
6215,114
6216,-6
6217,192
6218,184
6219,232
6220,-67
6221,117
6222,165
6223,53
6224,53
6225,306
6226,70
6227,4
6228,67
6229,49
6230,92
6231,146
6232,147
6233,-50
6234,-50
6235,-50
6236,79
6237,38
6238,-20
6239,97
6240,210
6241,184
6242,-54
6243,64
6244,-51
6245,121
6246,193
6247,74
6248,130
6249,6
6250,67
6251,355
6252,384
6253,3
6254,48
6255,-42
6256,119
6257,-43
6258,103
6259,-15
6260,265
6261,-9
6262,79
6263,72
6264,109
6265,147
6266,199
6267,184
6268,279
6269,11
6270,383
6271,40
6272,177
6273,152
6274,48
6275,25
6276,-7
6277,326
6278,2
6279,181
6280,90
6281,396
6282,210
6283,-21
6284,-51
6285,281
6286,55
6287,189
6288,78
6289,234
6290,173
6291,311
6292,354
6293,196
6294,-50
6295,178
6296,251
6297,454
6298,-60
6299,60
6300,113
6301,386
6302,211
6303,211
6304,155
6305,104
6306,402
6307,268
6308,98
6309,269
6310,243
6311,183
6312,35
6313,-50
6314,305
6315,90
6316,87
6317,32
6318,127
6319,114
6320,270
6321,77
6322,9
6323,232
6324,110
6325,62
6326,-50
6327,56
6328,46
6329,2
6330,53
6331,378
6332,130
6333,39
6334,206
6335,31
6336,235
6337,152
6338,96
6339,63
6340,101
6341,-78
6342,19
6343,126
6344,74
6345,65
6346,181
6347,240
6348,243
6349,334
6350,66
6351,143
6352,-8
6353,130
6354,132
6355,28
6356,-11
6357,-50
6358,212
6359,96
6360,249
6361,126
6362,1
6363,-2
6364,253
6365,124
6366,47
6367,35
6368,105
6369,55
6370,168
6371,-53
6372,162
6373,11
6374,-51
6375,117
6376,2
6377,166
6378,87
6379,112
6380,24
6381,51
6382,159
6383,70
6384,82
6385,171
6386,-7
6387,85
6388,-9
6389,35
6390,164
6391,285
6392,-20
6393,42
6394,105
6395,166
6396,-50
6397,388
6398,-3
6399,121
6400,225
6401,126
6402,159
6403,58
6404,125
6405,50
6406,-11
6407,-50
6408,162
6409,-3
6410,-58
6411,176
6412,143
6413,-6
6414,88
6415,68
6416,-33
6417,121
6418,186
6419,34
6420,-15
6421,88
6422,-11
6423,42
6424,72
6425,77
6426,17
6427,210
6428,288
6429,105
6430,41
6431,-50
6432,241
6433,126
6434,280
6435,18
6436,20
6437,-11
6438,32
6439,46
6440,26
6441,184
6442,108
6443,84
6444,13
6445,2
6446,138
6447,51
6448,310
6449,178
6450,-10
6451,20
6452,210
6453,87
6454,17
6455,185
6456,172
6457,98
6458,-41
6459,78
6460,186
6461,195
6462,35
6463,-50
6464,4
6465,-10
6466,133
6467,16
6468,28
6469,280
6470,408
6471,-11
6472,150
6473,44
6474,53
6475,44
6476,194
6477,394
6478,84
6479,130
6480,19
6481,66
6482,160
6483,52
6484,19
6485,420
6486,227
6487,63
6488,103
6489,149
6490,30
6491,46
6492,223
6493,48
6494,26
6495,217
6496,165
6497,21
6498,8
6499,171
6500,21
6501,191
6502,306
6503,21
6504,46
6505,132
6506,58
6507,181
6508,55
6509,-8
6510,125
6511,40
6512,164
6513,33
6514,-11
6515,87
6516,312
6517,107
6518,31
6519,360
6520,93
6521,41
6522,8
6523,6
6524,16
6525,63
6526,202
6527,30
6528,60
6529,218
6530,210
6531,13
6532,63
6533,133
6534,2
6535,290
6536,144
6537,128
6538,-6
6539,25
6540,230
6541,16
6542,-50
6543,32
6544,4
6545,13
6546,3
6547,-51
6548,122
6549,152
6550,74
6551,-37
6552,103
6553,73
6554,188
6555,-9
6556,252
6557,54
6558,50
6559,4
6560,53
6561,26
6562,195
6563,36
6564,26
6565,283
6566,20
6567,188
6568,-51
6569,57
6570,228
6571,87
6572,123
6573,84
6574,271
6575,426
6576,250
6577,102
6578,186
6579,59
6580,35
6581,-30
6582,103
6583,133
6584,93
6585,-6
6586,196
6587,36
6588,83
6589,41
6590,81
6591,214
6592,0
6593,39
6594,230
6595,9
6596,10
6597,48
6598,143
6599,347
6600,172
6601,69
6602,189
6603,57
6604,40
6605,17
6606,15
6607,61
6608,30
6609,-10
6610,18
6611,171
6612,-22
6613,-13
6614,66
6615,250
6616,188
6617,182
6618,106
6619,50
6620,280
6621,31
6622,89
6623,129
6624,92
6625,128
6626,-79
6627,66
6628,9
6629,165
6630,185
6631,256
6632,87
6633,43
6634,304
6635,227
6636,84
6637,172
6638,38
6639,107
6640,257
6641,2
6642,133
6643,253
6644,-11
6645,-4
6646,117
6647,193
6648,306
6649,-50
6650,28
6651,168
6652,51
6653,227
6654,103
6655,-50
6656,149
6657,-50
6658,96
6659,39
6660,52
6661,155
6662,29
6663,16
6664,186
6665,2
6666,28
6667,139
6668,-50
6669,106
6670,365
6671,-51
6672,412
6673,19
6674,3
6675,103
6676,204
6677,455
6678,-17
6679,265
6680,-24
6681,164
6682,60
6683,94
6684,-45
6685,75
6686,143
6687,43
6688,132
6689,213
6690,61
6691,87
6692,106
6693,49
6694,110
6695,-50
6696,158
6697,38
6698,21
6699,-16
6700,71
6701,269
6702,23
6703,-57
6704,31
6705,-57
6706,37
6707,215
6708,146
6709,116
6710,41
6711,66
6712,-14
6713,193
6714,107
6715,153
6716,167
6717,184
6718,10
6719,111
6720,210
6721,51
6722,6
6723,-50
6724,100
6725,120
6726,28
6727,147
6728,146
6729,13
6730,64
6731,69
6732,25
6733,-40
6734,204
6735,6
6736,17
6737,-52
6738,211
6739,88
6740,230
6741,249
6742,-16
6743,207
6744,-56
6745,111
6746,20
6747,151
6748,-8
6749,98
6750,204
6751,119
6752,130
6753,180
6754,25
6755,233
6756,43
6757,116
6758,178
6759,-50
6760,165
6761,67
6762,16
6763,-14
6764,179
6765,170
6766,177
6767,71
6768,42
6769,221
6770,426
6771,-56
6772,7
6773,156
6774,102
6775,-54
6776,133
6777,109
6778,150
6779,25
6780,55
6781,27
6782,-50
6783,151
6784,145
6785,145
6786,130
6787,66
6788,63
6789,66
6790,9
6791,224
6792,201
6793,119
6794,150
6795,98
6796,76
6797,-50
6798,306
6799,-15
6800,134
6801,19
6802,4
6803,245
6804,34
6805,172
6806,222
6807,47
6808,23
6809,62
6810,264
6811,116
6812,-50
6813,-55
6814,-50
6815,143
6816,216
6817,63
6818,209
6819,75
6820,352
6821,157
6822,-50
6823,102
6824,289
6825,259
6826,3
6827,287
6828,114
6829,103
6830,-50
6831,195
6832,124
6833,88
6834,115
6835,128
6836,41
6837,225
6838,91
6839,85
6840,56
6841,309
6842,60
6843,289
6844,33
6845,259
6846,180
6847,37
6848,-50
6849,10
6850,82
6851,216
6852,315
6853,-50
6854,113
6855,294
6856,83
6857,244
6858,-53
6859,162
6860,130
6861,259
6862,78
6863,160
6864,204
6865,30
6866,90
6867,211
6868,39
6869,-37
6870,70
6871,39
6872,6
6873,140
6874,238
6875,188
6876,259
6877,275
6878,129
6879,122
6880,111
6881,103
6882,58
6883,113
6884,176
6885,25
6886,93
6887,-67
6888,215
6889,148
6890,-8
6891,342
6892,89
6893,84
6894,207
6895,126
6896,-38
6897,107
6898,72
6899,55
6900,-50
6901,-64
6902,202
6903,193
6904,268
6905,41
6906,45
6907,157
6908,34
6909,119
6910,141
6911,222
6912,173
6913,45
6914,288
6915,18
6916,263
6917,111
6918,104
6919,146
6920,-60
6921,247
6922,18
6923,163
6924,-53
6925,-43
6926,369
6927,-50
6928,99
6929,336
6930,60
6931,43
6932,-22
6933,64
6934,106
6935,62
6936,333
6937,156
6938,71
6939,17
6940,3
6941,150
6942,27
6943,5
6944,243
6945,93
6946,11
6947,-50
6948,-78
6949,358
6950,37
6951,64
6952,200
6953,268
6954,5
6955,21
6956,127
6957,390
6958,217
6959,-51
6960,105
6961,173
6962,71
6963,129
6964,146
6965,390
6966,-51
6967,205
6968,253
6969,222
6970,-50
6971,110
6972,77
6973,213
6974,13
6975,64
6976,127
6977,207
6978,22
6979,218
6980,-11
6981,115
6982,2
6983,151
6984,-50
6985,170
6986,4
6987,123
6988,3
6989,166
6990,148
6991,-7
6992,24
6993,236
6994,23
6995,120
6996,39
6997,137
6998,322
6999,1
7000,8
7001,63
7002,192
7003,192
7004,53
7005,84
7006,219
7007,69
7008,0
7009,92
7010,160
7011,439
7012,21
7013,275
7014,71
7015,194
7016,204
7017,118
7018,91
7019,34
7020,-16
7021,235
7022,163
7023,330
7024,275
7025,59
7026,-6
7027,-50
7028,270
7029,160
7030,255
7031,-17
7032,69
7033,47
7034,-50
7035,115
7036,-8
7037,15
7038,82
7039,49
7040,-59
7041,24
7042,18
7043,48
7044,149
7045,207
7046,24
7047,79
7048,48
7049,41
7050,138
7051,71
7052,39
7053,-50
7054,312
7055,78
7056,87
7057,88
7058,71
7059,28
7060,151
7061,49
7062,-15
7063,87
7064,149
7065,-50
7066,67
7067,314
7068,9
7069,59
7070,61
7071,12
7072,84
7073,71
7074,63
7075,297
7076,166
7077,332
7078,259
7079,67
7080,336
7081,-50
7082,68
7083,303
7084,91
7085,133
7086,101
7087,-50
7088,-8
7089,192
7090,88
7091,233
7092,317
7093,250
7094,-21
7095,73
7096,151
7097,79
7098,-9
7099,128
7100,208
7101,164
7102,-50
7103,98
7104,244
7105,288
7106,31
7107,314
7108,149
7109,40
7110,-6
7111,34
7112,13
7113,48
7114,-8
7115,-11
7116,-8
7117,165
7118,87
7119,63
7120,8
7121,43
7122,237
7123,13
7124,-4
7125,88
7126,247
7127,562
7128,80
7129,-14
7130,162
7131,-50
7132,50
7133,9
7134,-50
7135,-18
7136,393
7137,65
7138,-31
7139,275
7140,94
7141,115
7142,97
7143,-19
7144,153
7145,170
7146,79
7147,81
7148,44
7149,121
7150,125
7151,30
7152,-17
7153,12
7154,-35
7155,178
7156,148
7157,71
7158,173
7159,68
7160,124
7161,89
7162,35
7163,422
7164,197
7165,18
7166,-55
7167,131
7168,-37
7169,237
7170,168
7171,167
7172,17
7173,104
7174,332
7175,279
7176,32
7177,347
7178,156
7179,158
7180,89
7181,5
7182,-60
7183,246
7184,-58
7185,175
7186,206
7187,264
7188,359
7189,25
7190,25
7191,67
7192,3
7193,200
7194,79
7195,185
7196,30
7197,83
7198,87
7199,142
7200,130
7201,39
7202,226
7203,-8
7204,29
7205,102
7206,-8
7207,210
7208,-40
7209,14
7210,113
7211,353
7212,266
7213,-51
7214,30
7215,217
7216,204
7217,-50
7218,135
7219,70
7220,89
7221,20
7222,210
7223,165
7224,352
7225,222
7226,99
7227,186
7228,238
7229,130
7230,-50
7231,137
7232,201
7233,373
7234,89
7235,-53
7236,-51
7237,177
7238,10
7239,-3
7240,63
7241,167
7242,-9
7243,47
7244,306
7245,222
7246,50
7247,0
7248,228
7249,99
7250,121
7251,63
7252,27
7253,57
7254,123
7255,81
7256,108
7257,128
7258,-42
7259,43
7260,157
7261,251
7262,86
7263,-1
7264,36
7265,56
7266,137
7267,131
7268,244
7269,82
7270,-50
7271,65
7272,96
7273,159
7274,233
7275,159
7276,129
7277,70
7278,120
7279,102
7280,318
7281,490
7282,260
7283,143
7284,157
7285,37
7286,253
7287,91
7288,25
7289,187
7290,14
7291,144
7292,11
7293,239
7294,160
7295,127
7296,15
7297,246
7298,-9
7299,151
7300,88
7301,4
7302,98
7303,84
7304,-13
7305,86
7306,-45
7307,84
7308,151
7309,78
7310,89
7311,61
7312,27
7313,89
7314,198
7315,317
7316,23
7317,-10
7318,4
7319,126
7320,230
7321,216
7322,199
7323,115
7324,44
7325,124
7326,16
7327,41
7328,124
7329,-50
7330,-8
7331,249
7332,146
7333,109
7334,61
7335,-11
7336,233
7337,57
7338,75
7339,215
7340,54
7341,-50
7342,296
7343,48
7344,133
7345,409
7346,-2
7347,-7
7348,-50
7349,33
7350,238
7351,82
7352,65
7353,-50
7354,204
7355,200
7356,186
7357,51
7358,162
7359,8
7360,56
7361,161
7362,70
7363,160
7364,-9
7365,137
7366,125
7367,311
7368,-50
7369,165
7370,218
7371,47
7372,108
7373,19
7374,262
7375,147
7376,39
7377,7
7378,170
7379,-50
7380,370
7381,41
7382,136
7383,-51
7384,140
7385,56
7386,228
7387,308
7388,303
7389,84
7390,101
7391,282
7392,137
7393,470
7394,283
7395,356
7396,243
7397,125
7398,40
7399,127
7400,142
7401,279
7402,3
7403,339
7404,9
7405,175
7406,24
7407,130
7408,99
7409,313
7410,-6
7411,7
7412,295
7413,110
7414,95
7415,54
7416,40
7417,247
7418,32
7419,275
7420,117
7421,126
7422,109
7423,358
7424,-10
7425,87
7426,169
7427,260
7428,62
7429,5
7430,157
7431,376
7432,-52
7433,288
7434,38
7435,0
7436,87
7437,94
7438,248
7439,86
7440,55
7441,415
7442,150
7443,-5
7444,321
7445,156
7446,-50
7447,183
7448,61
7449,66
7450,122
7451,132
7452,160
7453,107
7454,182
7455,455
7456,185
7457,-50
7458,-20
7459,44
7460,123
7461,108
7462,433
7463,180
7464,73
7465,98
7466,87
7467,240
7468,159
7469,6
7470,88
7471,125
7472,52
7473,60
7474,112
7475,-54
7476,-7
7477,471
7478,53
7479,71
7480,90
7481,-134
7482,181
7483,110
7484,38
7485,22
7486,117
7487,-8
7488,159
7489,3
7490,289
7491,26
7492,118
7493,39
7494,31
7495,121
7496,-26
7497,43
7498,118
7499,-50
7500,361
7501,235
7502,331
7503,-50
7504,121
7505,25
7506,89
7507,83
7508,69
7509,379
7510,74
7511,190
7512,186
7513,131
7514,87
7515,218
7516,189
7517,20
7518,299
7519,236
7520,357
7521,329
7522,-50
7523,372
7524,198
7525,-50
7526,219
7527,99
7528,305
7529,-40
7530,188
7531,-8
7532,146
7533,46
7534,65
7535,0
7536,203
7537,19
7538,13
7539,56
7540,109
7541,-14
7542,145
7543,90
7544,142
7545,104
7546,163
7547,240
7548,143
7549,142
7550,62
7551,159
7552,104
7553,121
7554,208
7555,99
7556,184
7557,146
7558,107
7559,72
7560,86
7561,69
7562,328
7563,21
7564,17
7565,71
7566,91
7567,174
7568,405
7569,105
7570,233
7571,-50
7572,342
7573,386
7574,13
7575,240
7576,359
7577,389
7578,261
7579,83
7580,332
7581,39
7582,305
7583,-3
7584,-50
7585,-58
7586,75
7587,111
7588,44
7589,91
7590,107
7591,209
7592,-50
7593,64
7594,29
7595,18
7596,67
7597,45
7598,449
7599,133
7600,7
7601,26
7602,159
7603,78
7604,206
7605,28
7606,166
7607,-6
7608,422
7609,-50
7610,75
7611,2
7612,265
7613,457
7614,81
7615,188
7616,72
7617,224
7618,118
7619,31
7620,138
7621,80
7622,-30
7623,86
7624,209
7625,162
7626,51
7627,81
7628,163
7629,66
7630,371
7631,-9
7632,195
7633,398
7634,244
7635,143
7636,180
7637,67
7638,-70
7639,-9
7640,175
7641,32
7642,184
7643,82
7644,-50
7645,29
7646,-42
7647,246
7648,67
7649,92
7650,325
7651,7
7652,31
7653,309
7654,343
7655,199
7656,86
7657,197
7658,64
7659,235
7660,81
7661,28
7662,254
7663,76
7664,191
7665,179
7666,219
7667,-8
7668,228
7669,76
7670,169
7671,129
7672,57
7673,146
7674,-60
7675,302
7676,49
7677,342
7678,70
7679,180
7680,130
7681,365
7682,343
7683,7
7684,335
7685,239
7686,225
7687,-50
7688,167
7689,30
7690,197
7691,133
7692,40
7693,87
7694,-22
7695,177
7696,-50
7697,181
7698,156
7699,69
7700,196
7701,314
7702,43
7703,142
7704,168
7705,15
7706,284
7707,68
7708,17
7709,137
7710,160
7711,1
7712,266
7713,22
7714,86
7715,-57
7716,174
7717,382
7718,117
7719,293
7720,68
7721,360
7722,-18
7723,238
7724,-14
7725,119
7726,25
7727,-50
7728,88
7729,20
7730,255
7731,132
7732,-52
7733,63
7734,-59
7735,149
7736,204
7737,142
7738,132
7739,388
7740,99
7741,34
7742,173
7743,184
7744,142
7745,130
7746,184
7747,160
7748,77
7749,106
7750,-9
7751,129
7752,223
7753,269
7754,410
7755,251
7756,243
7757,117
7758,-50
7759,68
7760,-50
7761,85
7762,194
7763,-7
7764,445
7765,167
7766,46
7767,164
7768,118
7769,37
7770,69
7771,149
7772,24
7773,32
7774,219
7775,-9
7776,85
7777,326
7778,-1
7779,299
7780,-7
7781,173
7782,-51
7783,182
7784,-17
7785,-50
7786,100
7787,165
7788,262
7789,160
7790,231
7791,297
7792,7
7793,170
7794,64
7795,341
7796,20
7797,-50
7798,159
7799,161
7800,15
7801,14
7802,149
7803,18
7804,-6
7805,84
7806,303
7807,406
7808,91
7809,72
7810,256
7811,128
7812,12
7813,209
7814,1
7815,22
7816,113
7817,332
7818,22
7819,91
7820,-50
7821,55
7822,120
7823,62
7824,159
7825,100
7826,120
7827,226
7828,392
7829,177
7830,265
7831,61
7832,42
7833,97
7834,-57
7835,301
7836,-11
7837,129
7838,324
7839,77
7840,102
7841,160
7842,53
7843,73
7844,-35
7845,131
7846,85
7847,-10
7848,-5
7849,127
7850,213
7851,104
7852,167
7853,172
7854,190
7855,151
7856,-8
7857,184
7858,-50
7859,309
7860,59
7861,-50
7862,177
7863,420
7864,54
7865,47
7866,81
7867,-12
7868,110
7869,251
7870,87
7871,145
7872,64
7873,272
7874,19
7875,130
7876,-1
7877,46
7878,-50
7879,84
7880,91
7881,105
7882,-32
7883,55
7884,75
7885,298
7886,-2
7887,53
7888,-15
7889,47
7890,246
7891,227
7892,109
7893,23
7894,146
7895,-19
7896,213
7897,47
7898,93
7899,9
7900,223
7901,82
7902,-14
7903,-50
7904,283
7905,139
7906,148
7907,-50
7908,162
7909,201
7910,78
7911,237
7912,218
7913,6
7914,97
7915,127
7916,102
7917,-10
7918,266
7919,64
7920,131
7921,192
7922,85
7923,146
7924,248
7925,40
7926,6
7927,253
7928,251
7929,117
7930,23
7931,133
7932,-50
7933,179
7934,-50
7935,122
7936,406
7937,238
7938,136
7939,110
7940,370
7941,-36
7942,239
7943,334
7944,229
7945,156
7946,359
7947,26
7948,72
7949,22
7950,29
7951,11
7952,125
7953,267
7954,126
7955,-50
7956,22
7957,68
7958,71
7959,166
7960,227
7961,43
7962,68
7963,5
7964,151
7965,148
7966,28
7967,88
7968,80
7969,162
7970,111
7971,-60
7972,40
7973,-39
7974,-7
7975,168
7976,112
7977,294
7978,180
7979,119
7980,250
7981,103
7982,21
7983,269
7984,134
7985,204
7986,185
7987,260
7988,164
7989,20
7990,122
7991,28
7992,-61
7993,-50
7994,209
7995,322
7996,239
7997,181
7998,63
7999,70
8000,180
8001,83
8002,149
8003,243
8004,-8
8005,-50
8006,19
8007,73
8008,176
8009,294
8010,233
8011,146
8012,-53
8013,160
8014,133
8015,113
8016,83
8017,69
8018,90
8019,87
8020,-50
8021,105
8022,281
8023,154
8024,75
8025,95
8026,132
8027,175
8028,73
8029,110
8030,190
8031,135
8032,131
8033,166
8034,68
8035,159
8036,90
8037,134
8038,129
8039,129
8040,-2
8041,71
8042,149
8043,62
8044,50
8045,165
8046,106
8047,13
8048,80
8049,118
8050,5
8051,145
8052,-9
8053,101
8054,424
8055,-50
8056,7
8057,-16
8058,248
8059,77
8060,44
8061,-50
8062,-50
8063,-33
8064,49
8065,-63
8066,-8
8067,120
8068,-11
8069,139
8070,208
8071,68
8072,-9
8073,247
8074,143
8075,331
8076,214
8077,81
8078,198
8079,207
8080,110
8081,89
8082,55
8083,239
8084,127
8085,28
8086,203
8087,257
8088,275
8089,121
8090,141
8091,204
8092,84
8093,128
8094,133
8095,53
8096,140
8097,224
8098,60
8099,96
8100,311
8101,-51
8102,130
8103,-53
8104,-2
8105,114
8106,2
8107,18
8108,458
8109,147
8110,-56
8111,202
8112,49
8113,87
8114,306
8115,85
8116,420
8117,-62
8118,236
8119,53
8120,21
8121,140
8122,-50
8123,164
8124,178
8125,-50
8126,277
8127,58
8128,101
8129,20
8130,158
8131,299
8132,120
8133,-10
8134,180
8135,400
8136,4
8137,-5
8138,-37
8139,-52
8140,-9
8141,-54
8142,389
8143,26
8144,201
8145,154
8146,67
8147,197
8148,356
8149,268
8150,318
8151,-16
8152,26
8153,150
8154,277
8155,146
8156,-50
8157,75
8158,119
8159,272
8160,172
8161,44
8162,261
8163,117
8164,184
8165,25
8166,85
8167,345
8168,115
8169,235
8170,187
8171,-7
8172,246
8173,12
8174,112
8175,133
8176,115
8177,132
8178,-10
8179,174
8180,76
8181,-11
8182,167
8183,284
8184,68
8185,66
8186,298
8187,26
8188,56
8189,152
8190,149
8191,19
8192,179
8193,84
8194,-50
8195,119
8196,41
8197,73
8198,29
8199,178
8200,13
8201,206
8202,36
8203,88
8204,-58
8205,120
8206,-50
8207,-60
8208,52
8209,-56
8210,-7
8211,522
8212,200
8213,106
8214,67
8215,64
8216,122
8217,11
8218,-57
8219,99
8220,96
8221,-64
8222,153
8223,55
8224,305
8225,333
8226,280
8227,61
8228,-57
8229,125
8230,-51
8231,229
8232,260
8233,113
8234,208
8235,-13
8236,77
8237,-53
8238,135
8239,122
8240,40
8241,288
8242,63
8243,-50
8244,129
8245,165
8246,353
8247,156
8248,149
8249,-14
8250,-50
8251,67
8252,264
8253,67
8254,176
8255,66
8256,184
8257,198
8258,358
8259,125
8260,88
8261,227
8262,143
8263,126
8264,57
8265,138
8266,53
8267,78
8268,124
8269,46
8270,168
8271,100
8272,272
8273,-62
8274,55
8275,26
8276,363
8277,237
8278,288
8279,123
8280,150
8281,203
8282,60
8283,321
8284,124
8285,-12
8286,145
8287,158
8288,293
8289,-58
8290,180
8291,-50
8292,4
8293,321
8294,139
8295,251
8296,127
8297,109
8298,29
8299,20
8300,-12
8301,143
8302,88
8303,9
8304,289
8305,122
8306,-128
8307,52
8308,220
8309,172
8310,22
8311,-50
8312,-11
8313,292
8314,86
8315,-6
8316,-8
8317,168
8318,389
8319,67
8320,40
8321,265
8322,305
8323,-52
8324,145
8325,398
8326,37
8327,156
8328,70
8329,353
8330,-12
8331,126
8332,27
8333,5
8334,289
8335,201
8336,120
8337,-10
8338,181
8339,217
8340,41
8341,175
8342,6
8343,-1
8344,-56
8345,83
8346,13
8347,139
8348,-2
8349,201
8350,262
8351,190
8352,130
8353,9
8354,163
8355,-50
8356,-59
8357,53
8358,55
8359,126
8360,171
8361,294
8362,348
8363,101
8364,231
8365,45
8366,343
8367,93
8368,140
8369,165
8370,117
8371,183
8372,20
8373,303
8374,107
8375,14
8376,-45
8377,327
8378,-50
8379,-51
8380,31
8381,289
8382,42
8383,-56
8384,204
8385,254
8386,320
8387,134
8388,157
8389,86
8390,89
8391,60
8392,202
8393,4
8394,113
8395,-50
8396,134
8397,89
8398,23
8399,186
8400,69
8401,130
8402,207
8403,112
8404,143
8405,160
8406,31
8407,62
8408,203
8409,173
8410,55
8411,71
8412,279
8413,85
8414,59
8415,138
8416,67
8417,-6
8418,130
8419,124
8420,179
8421,154
8422,185
8423,343
8424,70
8425,-13
8426,4
8427,30
8428,198
8429,53
8430,54
8431,-48
8432,279
8433,-25
8434,168
8435,40
8436,199
8437,492
8438,81
8439,110
8440,-50
8441,-7
8442,267
8443,19
8444,305
8445,9
8446,187
8447,-43
8448,5
8449,246
8450,82
8451,70
8452,237
8453,132
8454,0
8455,251
8456,183
8457,313
8458,165
8459,91
8460,368
8461,197
8462,189
8463,137
8464,173
8465,195
8466,253
8467,19
8468,63
8469,-40
8470,-51
8471,-10
8472,145
8473,57
8474,59
8475,-19
8476,-51
8477,28
8478,-15
8479,30
8480,97
8481,96
8482,238
8483,-65
8484,80
8485,89
8486,282
8487,88
8488,88
8489,115
8490,20
8491,148
8492,67
8493,42
8494,91
8495,195
8496,119
8497,234
8498,73
8499,115
8500,99
8501,58
8502,35
8503,118
8504,182
8505,137
8506,72
8507,186
8508,40
8509,87
8510,181
8511,174
8512,-50
8513,212
8514,-50
8515,141
8516,0
8517,160
8518,-50
8519,161
8520,85
8521,175
8522,67
8523,138
8524,-53
8525,-17
8526,208
8527,36
8528,-50
8529,270
8530,-51
8531,1
8532,189
8533,281
8534,23
8535,144
8536,193
8537,-50
8538,230
8539,139
8540,0
8541,88
8542,316
8543,259
8544,23
8545,47
8546,104
8547,384
8548,107
8549,217
8550,181
8551,-54
8552,49
8553,24
8554,67
8555,125
8556,71
8557,71
8558,460
8559,294
8560,49
8561,-42
8562,6
8563,229
8564,30
8565,115
8566,69
8567,81
8568,7
8569,75
8570,7
8571,-14
8572,42
8573,62
8574,310
8575,206
8576,9
8577,2
8578,206
8579,50
8580,-10
8581,-28
8582,2
8583,-5
8584,17
8585,-6
8586,262
8587,272
8588,361
8589,11
8590,-22
8591,-59
8592,176
8593,150
8594,54
8595,49
8596,34
8597,168
8598,51
8599,103
8600,367
8601,73
8602,-5
8603,34
8604,123
8605,51
8606,-50
8607,156
8608,83
8609,140
8610,108
8611,145
8612,68
8613,88
8614,-50
8615,138
8616,292
8617,20
8618,184
8619,21
8620,-15
8621,89
8622,144
8623,14
8624,54
8625,-56
8626,51
8627,85
8628,392
8629,3
8630,115
8631,11
8632,-67
8633,161
8634,150
8635,87
8636,264
8637,64
8638,110
8639,69
8640,138
8641,104
8642,161
8643,46
8644,18
8645,255
8646,108
8647,239
8648,-51
8649,166
8650,373
8651,300
8652,379
8653,-4
8654,173
8655,7
8656,142
8657,235
8658,-55
8659,33
8660,55
8661,10
8662,-50
8663,-62
8664,178
8665,148
8666,46
8667,352
8668,192
8669,104
8670,33
8671,45
8672,133
8673,4
8674,341
8675,159
8676,50
8677,98
8678,96
8679,81
8680,183
8681,180
8682,48
8683,81
8684,208
8685,220
8686,58
8687,1
8688,183
8689,230
8690,118
8691,-55
8692,124
8693,360
8694,85
8695,102
8696,363
8697,-50
8698,196
8699,21
8700,8
8701,192
8702,68
8703,106
8704,132
8705,101
8706,150
8707,112
8708,47
8709,26
8710,281
8711,-12
8712,42
8713,270
8714,37
8715,147
8716,351
8717,309
8718,98
8719,103
8720,67
8721,112
8722,344
8723,63
8724,207
8725,153
8726,268
8727,164
8728,43
8729,-50
8730,255
8731,105
8732,110
8733,-21
8734,313
8735,0
8736,184
8737,301
8738,169
8739,-8
8740,51
8741,16
8742,59
8743,36
8744,338
8745,202
8746,235
8747,107
8748,53
8749,-50
8750,127
8751,-2
8752,-50
8753,28
8754,160
8755,252
8756,244
8757,261
8758,105
8759,50
8760,-36
8761,-51
8762,-52
8763,78
8764,178
8765,-37
8766,101
8767,126
8768,216
8769,0
8770,177
8771,380
8772,91
8773,360
8774,39
8775,83
8776,224
8777,81
8778,17
8779,-51
8780,328
8781,3
8782,141
8783,36
8784,44
8785,18
8786,5
8787,125
8788,53
8789,71
8790,222
8791,-50
8792,101
8793,209
8794,156
8795,69
8796,26
8797,221
8798,83
8799,95
8800,160
8801,36
8802,331
8803,225
8804,142
8805,109
8806,59
8807,26
8808,44
8809,26
8810,114
8811,102
8812,71
8813,45
8814,42
8815,-55
8816,224
8817,145
8818,93
8819,-55
8820,22
8821,163
8822,71
8823,-50
8824,-59
8825,20
8826,147
8827,68
8828,152
8829,135
8830,268
8831,-50
8832,130
8833,248
8834,101
8835,58
8836,2
8837,96
8838,72
8839,247
8840,22
8841,343
8842,129
8843,82
8844,-15
8845,97
8846,4
8847,63
8848,-51
8849,-13
8850,-55
8851,-11
8852,-51
8853,303
8854,46
8855,102
8856,66
8857,433
8858,73
8859,11
8860,173
8861,110
8862,132
8863,83
8864,45
8865,303
8866,160
8867,136
8868,83
8869,58
8870,-9
8871,232
8872,-5
8873,123
8874,66
8875,27
8876,-32
8877,-6
8878,144
8879,8
8880,26
8881,142
8882,207
8883,43
8884,72
8885,55
8886,206
8887,188
8888,108
8889,30
8890,48
8891,138
8892,136
8893,134
8894,264
8895,208
8896,141
8897,18
8898,148
8899,0
8900,-50
8901,-50
8902,-51
8903,323
8904,-50
8905,286
8906,51
8907,89
8908,68
8909,168
8910,112
8911,122
8912,31
8913,182
8914,-64
8915,222
8916,124
8917,283
8918,129
8919,29
8920,129
8921,123
8922,-15
8923,46
8924,80
8925,101
8926,305
8927,23
8928,80
8929,21
8930,56
8931,328
8932,-61
8933,17
8934,191
8935,-61
8936,-50
8937,203
8938,-52
8939,86
8940,220
8941,44
8942,162
8943,9
8944,169
8945,57
8946,114
8947,411
8948,198
8949,153
8950,141
8951,16
8952,-50
8953,433
8954,70
8955,114
8956,170
8957,164
8958,40
8959,-2
8960,251
8961,104
8962,351
8963,-6
8964,335
8965,341
8966,130
8967,54
8968,36
8969,151
8970,120
8971,-50
8972,293
8973,37
8974,252
8975,42
8976,198
8977,25
8978,170
8979,-62
8980,-64
8981,215
8982,122
8983,153
8984,-57
8985,294
8986,182
8987,168
8988,-7
8989,182
8990,117
8991,58
8992,82
8993,85
8994,325
8995,80
8996,135
8997,120
8998,82
8999,270
9000,121
9001,53
9002,177
9003,29
9004,59
9005,65
9006,189
9007,-54
9008,7
9009,-1
9010,321
9011,124
9012,224
9013,161
9014,141
9015,244
9016,-15
9017,160
9018,66
9019,69
9020,327
9021,155
9022,73
9023,249
9024,61
9025,31
9026,-55
9027,262
9028,159
9029,149
9030,3
9031,110
9032,48
9033,85
9034,11
9035,54
9036,238
9037,141
9038,80
9039,-11
9040,137
9041,99
9042,290
9043,48
9044,11
9045,0
9046,9
9047,12
9048,244
9049,148
9050,-32
9051,30
9052,94
9053,249
9054,197
9055,108
9056,62
9057,-8
9058,-50
9059,298
9060,26
9061,131
9062,152
9063,203
9064,112
9065,355
9066,52
9067,14
9068,232
9069,-74
9070,74
9071,128
9072,89
9073,339
9074,265
9075,107
9076,138
9077,273
9078,6
9079,148
9080,121
9081,-53
9082,175
9083,4
9084,399
9085,100
9086,94
9087,207
9088,-9
9089,190
9090,57
9091,-50
9092,267
9093,79
9094,43
9095,197
9096,357
9097,244
9098,192
9099,67
9100,11
9101,215
9102,21
9103,149
9104,1
9105,100
9106,22
9107,61
9108,13
9109,109
9110,-34
9111,166
9112,1
9113,69
9114,178
9115,192
9116,228
9117,44
9118,62
9119,-23
9120,162
9121,189
9122,294
9123,-5
9124,116
9125,90
9126,2
9127,37
9128,112
9129,62
9130,323
9131,227
9132,58
9133,95
9134,118
9135,427
9136,48
9137,83
9138,-50
9139,352
9140,412
9141,67
9142,96
9143,42
9144,90
9145,195
9146,139
9147,23
9148,85
9149,56
9150,-64
9151,103
9152,197
9153,-1
9154,150
9155,90
9156,310
9157,25
9158,83
9159,-50
9160,-50
9161,3
9162,15
9163,-50
9164,104
9165,232
9166,56
9167,-6
9168,49
9169,278
9170,321
9171,203
9172,91
9173,279
9174,182
9175,199
9176,364
9177,88
9178,200
9179,-27
9180,339
9181,68
9182,-24
9183,72
9184,211
9185,390
9186,172
9187,173
9188,39
9189,285
9190,91
9191,254
9192,-51
9193,-53
9194,96
9195,-50
9196,265
9197,249
9198,299
9199,246
9200,181
9201,91
9202,86
9203,324
9204,241
9205,450
9206,171
9207,149
9208,71
9209,198
9210,150
9211,101
9212,222
9213,173
9214,241
9215,98
9216,191
9217,-50
9218,62
9219,169
9220,40
9221,188
9222,79
9223,-5
9224,173
9225,265
9226,370
9227,68
9228,-50
9229,389
9230,206
9231,104
9232,324
9233,269
9234,-11
9235,59
9236,-51
9237,367
9238,282
9239,240
9240,-63
9241,87
9242,205
9243,7
9244,6
9245,-7
9246,431
9247,204
9248,179
9249,4
9250,221
9251,293
9252,272
9253,79
9254,17
9255,293
9256,103
9257,125
9258,106
9259,133
9260,129
9261,78
9262,32
9263,-5
9264,56
9265,206
9266,2
9267,35
9268,226
9269,223
9270,43
9271,81
9272,-52
9273,54
9274,160
9275,137
9276,17
9277,59
9278,75
9279,46
9280,-18
9281,256
9282,7
9283,92
9284,98
9285,-44
9286,103
9287,440
9288,206
9289,184
9290,170
9291,-51
9292,97
9293,71
9294,49
9295,57
9296,80
9297,-5
9298,190
9299,78
9300,40
9301,133
9302,44
9303,82
9304,134
9305,10
9306,5
9307,178
9308,48
9309,244
9310,20
9311,134
9312,51
9313,182
9314,67
9315,361
9316,-54
9317,45
9318,177
9319,182
9320,126
9321,39
9322,382
9323,1
9324,161
9325,70
9326,49
9327,45
9328,155
9329,117
9330,89
9331,129
9332,427
9333,-50
9334,282
9335,253
9336,352
9337,307
9338,121
9339,164
9340,-34
9341,-50
9342,-50
9343,129
9344,-50
9345,311
9346,19
9347,-52
9348,180
9349,257
9350,79
9351,54
9352,31
9353,109
9354,158
9355,348
9356,89
9357,-21
9358,234
9359,190
9360,147
9361,-50
9362,272
9363,33
9364,4
9365,114
9366,-50
9367,348
9368,113
9369,68
9370,238
9371,-10
9372,184
9373,-50
9374,65
9375,144
9376,129
9377,86
9378,240
9379,169
9380,-53
9381,0
9382,-55
9383,144
9384,125
9385,56
9386,47
9387,72
9388,93
9389,3
9390,41
9391,9
9392,160
9393,166
9394,66
9395,113
9396,142
9397,97
9398,97
9399,-7
9400,29
9401,474
9402,305
9403,114
9404,287
9405,62
9406,103
9407,-59
9408,449
9409,170
9410,37
9411,57
9412,97
9413,91
9414,171
9415,84
9416,23
9417,90
9418,259
9419,139
9420,286
9421,167
9422,56
9423,39
9424,37
9425,27
9426,282
9427,275
9428,-25
9429,-50
9430,90
9431,181
9432,131
9433,22
9434,115
9435,45
9436,164
9437,239
9438,160
9439,184
9440,158
9441,-33
9442,121
9443,-2
9444,237
9445,139
9446,419
9447,68
9448,282
9449,166
9450,211
9451,124
9452,69
9453,71
9454,101
9455,130
9456,34
9457,122
9458,136
9459,34
9460,45
9461,27
9462,124
9463,0
9464,-37
9465,-58
9466,31
9467,118
9468,3
9469,324
9470,150
9471,144
9472,74
9473,-8
9474,124
9475,-28
9476,230
9477,76
9478,8
9479,70
9480,54
9481,80
9482,28
9483,161
9484,25
9485,184
9486,211
9487,185
9488,146
9489,246
9490,209
9491,229
9492,107
9493,218
9494,-50
9495,236
9496,118
9497,62
9498,73
9499,150
9500,85
9501,117
9502,96
9503,175
9504,353
9505,264
9506,121
9507,114
9508,84
9509,198
9510,142
9511,85
9512,-50
9513,165
9514,98
9515,4
9516,126
9517,345
9518,246
9519,178
9520,97
9521,170
9522,24
9523,123
9524,460
9525,231
9526,208
9527,183
9528,241
9529,153
9530,-50
9531,141
9532,9
9533,0
9534,76
9535,54
9536,34
9537,29
9538,91
9539,111
9540,72
9541,84
9542,162
9543,78
9544,56
9545,227
9546,40
9547,41
9548,68
9549,46
9550,144
9551,-5
9552,3
9553,55
9554,178
9555,-23
9556,340
9557,6
9558,137
9559,168
9560,10
9561,-50
9562,-2
9563,289
9564,53
9565,322
9566,-12
9567,306
9568,-50
9569,49
9570,-11
9571,66
9572,182
9573,55
9574,186
9575,312
9576,41
9577,39
9578,186
9579,221
9580,280
9581,-51
9582,108
9583,141
9584,-52
9585,8
9586,85
9587,102
9588,240
9589,88
9590,401
9591,140
9592,195
9593,243
9594,50
9595,66
9596,90
9597,89
9598,307
9599,63
9600,-50
9601,373
9602,160
9603,-50
9604,-50
9605,241
9606,35
9607,126
9608,58
9609,328
9610,305
9611,-50
9612,109
9613,-64
9614,82
9615,242
9616,276
9617,101
9618,86
9619,206
9620,118
9621,63
9622,184
9623,29
9624,53
9625,-61
9626,291
9627,-50
9628,56
9629,50
9630,91
9631,-50
9632,49
9633,147
9634,87
9635,189
9636,249
9637,46
9638,186
9639,221
9640,101
9641,147
9642,84
9643,287
9644,281
9645,102
9646,-52
9647,79
9648,-50
9649,-50
9650,80
9651,-50
9652,240
9653,55
9654,143
9655,187
9656,329
9657,-40
9658,220
9659,78
9660,17
9661,23
9662,6
9663,185
9664,288
9665,153
9666,18
9667,215
9668,266
9669,-53
9670,289
9671,149
9672,-57
9673,87
9674,68
9675,174
9676,159
9677,-50
9678,215
9679,51
9680,-50
9681,159
9682,151
9683,202
9684,67
9685,14
9686,83
9687,20
9688,11
9689,32
9690,86
9691,65
9692,67
9693,32
9694,15
9695,101
9696,68
9697,22
9698,217
9699,-40
9700,114
9701,-8
9702,185
9703,240
9704,289
9705,84
9706,122
9707,185
9708,127
9709,77
9710,214
9711,105
9712,143
9713,-9
9714,64
9715,199
9716,133
9717,245
9718,26
9719,95
9720,36
9721,195
9722,87
9723,61
9724,23
9725,282
9726,104
9727,179
9728,177
9729,19
9730,-55
9731,-50
9732,127
9733,203
9734,102
9735,204
9736,134
9737,74
9738,181
9739,96
9740,82
9741,246
9742,-34
9743,-23
9744,286
9745,-44
9746,106
9747,185
9748,71
9749,54
9750,122
9751,199
9752,48
9753,192
9754,30
9755,185
9756,332
9757,107
9758,-8
9759,-15
9760,391
9761,274
9762,144
9763,64
9764,262
9765,13
9766,180
9767,206
9768,-51
9769,5
9770,203
9771,69
9772,-10
9773,352
9774,89
9775,270
9776,-6
9777,79
9778,210
9779,-50
9780,166
9781,148
9782,380
9783,259
9784,77
9785,53
9786,9
9787,-50
9788,41
9789,54
9790,222
9791,6
9792,49
9793,89
9794,112
9795,18
9796,93
9797,-14
9798,380
9799,280
9800,35
9801,56
9802,188
9803,89
9804,91
9805,174
9806,50
9807,84
9808,226
9809,108
9810,-23
9811,6
9812,62
9813,101
9814,182
9815,89
9816,70
9817,61
9818,195
9819,101
9820,320
9821,113
9822,-22
9823,306
9824,58
9825,-54
9826,29
9827,180
9828,40
9829,20
9830,262
9831,60
9832,64
9833,134
9834,25
9835,-35
9836,-1
9837,46
9838,1
9839,-2
9840,41
9841,12
9842,133
9843,377
9844,112
9845,504
9846,286
9847,57
9848,135
9849,358
9850,129
9851,43
9852,264
9853,18
9854,-50
9855,-50
9856,50
9857,222
9858,377
9859,36
9860,246
9861,133
9862,182
9863,262
9864,58
9865,15
9866,234
9867,112
9868,33
9869,37
9870,182
9871,360
9872,-16
9873,209
9874,215
9875,50
9876,253
9877,99
9878,14
9879,-23
9880,302
9881,206
9882,105
9883,53
9884,83
9885,237
9886,24
9887,21
9888,83
9889,59
9890,-9
9891,95
9892,153
9893,343
9894,139
9895,149
9896,-50
9897,320
9898,28
9899,99
9900,-50
9901,110
9902,-44
9903,116
9904,399
9905,-19
9906,154
9907,26
9908,79
9909,15
9910,94
9911,104
9912,240
9913,179
9914,40
9915,55
9916,17
9917,-52
9918,108
9919,106
9920,359
9921,156
9922,90
9923,144
9924,86
9925,20
9926,83
9927,95
9928,-58
9929,246
9930,255
9931,84
9932,-50
9933,73
9934,36
9935,-19
9936,1
9937,-10
9938,200
9939,226
9940,-5
9941,60
9942,26
9943,130
9944,-50
9945,-43
9946,46
9947,123
9948,75
9949,253
9950,44
9951,-58
9952,27
9953,5
9954,67
9955,110
9956,27
9957,83
9958,214
9959,247
9960,56
9961,278
9962,-53
9963,45
9964,261
9965,106
9966,239
9967,178
9968,90
9969,138
9970,130
9971,-17
9972,103
9973,19
9974,61
9975,264
9976,140
9977,364
9978,246
9979,-12
9980,115
9981,30
9982,9
9983,-19
9984,300
9985,-59
9986,66
9987,18
9988,124
9989,136
9990,107
9991,-51
9992,139
9993,112
9994,299
9995,264
9996,35
9997,220
9998,162
9999,95
