,Score,Neuronios,Layers,Round
0,-24.84,10,1,0
1,-9.71,10,1,1
2,-3.08,10,1,2
3,-7.52,10,1,3
4,-6.65,10,1,4
5,3.53,10,1,5
6,1.41,10,1,6
7,3.07,10,1,7
8,3.54,10,1,8
9,-30.43,11,1,0
10,-23.01,11,1,1
11,-20.54,11,1,2
12,-20.97,11,1,3
13,-22.14,11,1,4
14,-20.05,11,1,5
15,-27.06,11,1,6
16,-27.45,11,1,7
17,-26.97,11,1,8
18,-23.88,12,1,0
19,-16.03,12,1,1
20,-22.13,12,1,2
21,-21.31,12,1,3
22,-20.95,12,1,4
23,-25.25,12,1,5
24,-22.16,12,1,6
25,-18.92,12,1,7
26,-22.79,12,1,8
27,-39.77,13,1,0
28,-23.51,13,1,1
29,-24.1,13,1,2
30,-11.26,13,1,3
31,-5.99,13,1,4
32,-7.95,13,1,5
33,-10.17,13,1,6
34,-8.97,13,1,7
35,-1.4,13,1,8
36,-37.75,14,1,0
37,-19.72,14,1,1
38,-20.12,14,1,2
39,-13.71,14,1,3
40,-10.56,14,1,4
41,-7.98,14,1,5
42,-14.23,14,1,6
43,-17.75,14,1,7
44,-8.73,14,1,8
45,-22.52,15,1,0
46,-22.92,15,1,1
47,-33.1,15,1,2
48,-19.03,15,1,3
49,-19.95,15,1,4
50,-19.38,15,1,5
51,-22.0,15,1,6
52,-24.37,15,1,7
53,-23.5,15,1,8
54,-31.22,16,1,0
55,-28.78,16,1,1
56,-19.89,16,1,2
57,-8.27,16,1,3
58,-12.44,16,1,4
59,-8.56,16,1,5
60,-0.17,16,1,6
61,2.03,16,1,7
62,3.04,16,1,8
63,-34.19,17,1,0
64,-13.59,17,1,1
65,4.6,17,1,2
66,13.77,17,1,3
67,11.28,17,1,4
68,10.65,17,1,5
69,19.09,17,1,6
70,11.75,17,1,7
71,10.64,17,1,8
72,-29.2,18,1,0
73,-7.97,18,1,1
74,2.72,18,1,2
75,5.35,18,1,3
76,3.74,18,1,4
77,-0.99,18,1,5
78,1.1,18,1,6
79,2.07,18,1,7
80,5.46,18,1,8
81,-39.92,19,1,0
82,-39.64,19,1,1
83,-24.74,19,1,2
84,-19.58,19,1,3
85,-11.45,19,1,4
86,-12.52,19,1,5
87,-15.95,19,1,6
88,-15.24,19,1,7
89,-11.43,19,1,8
90,-32.62,20,1,0
91,-20.97,20,1,1
92,-8.64,20,1,2
93,-11.08,20,1,3
94,-14.55,20,1,4
95,-15.79,20,1,5
96,-9.82,20,1,6
97,-10.3,20,1,7
98,-14.26,20,1,8
99,-24.4,21,1,0
100,-4.47,21,1,1
101,12.17,21,1,2
102,24.53,21,1,3
103,16.99,21,1,4
104,20.08,21,1,5
105,18.39,21,1,6
106,25.14,21,1,7
107,21.59,21,1,8
108,-31.3,22,1,0
109,-30.71,22,1,1
110,-28.55,22,1,2
111,-19.0,22,1,3
112,-10.54,22,1,4
113,-11.67,22,1,5
114,-7.3,22,1,6
115,-10.84,22,1,7
116,-9.17,22,1,8
117,-39.34,23,1,0
118,-27.03,23,1,1
119,-25.98,23,1,2
120,-24.62,23,1,3
121,-20.08,23,1,4
122,-20.7,23,1,5
123,-19.96,23,1,6
124,-17.65,23,1,7
125,-14.79,23,1,8
126,-21.48,24,1,0
127,-7.69,24,1,1
128,-2.75,24,1,2
129,-2.2,24,1,3
130,5.08,24,1,4
131,6.0,24,1,5
132,-1.52,24,1,6
133,3.93,24,1,7
134,2.92,24,1,8
135,-35.79,25,1,0
136,-28.39,25,1,1
137,-20.41,25,1,2
138,-15.96,25,1,3
139,-5.97,25,1,4
140,-2.59,25,1,5
141,2.47,25,1,6
142,8.07,25,1,7
143,5.08,25,1,8
144,-24.85,26,1,0
145,-8.25,26,1,1
146,-15.64,26,1,2
147,-13.4,26,1,3
148,-4.86,26,1,4
149,-11.97,26,1,5
150,-7.42,26,1,6
151,-11.35,26,1,7
152,-17.07,26,1,8
153,-25.83,27,1,0
154,-18.13,27,1,1
155,-14.73,27,1,2
156,-10.98,27,1,3
157,-7.77,27,1,4
158,-6.92,27,1,5
159,-6.38,27,1,6
160,-7.68,27,1,7
161,-6.42,27,1,8
162,-31.51,28,1,0
163,-23.24,28,1,1
164,-25.07,28,1,2
165,-21.39,28,1,3
166,-21.37,28,1,4
167,-20.32,28,1,5
168,-16.57,28,1,6
169,-22.98,28,1,7
170,-16.4,28,1,8
171,-25.52,29,1,0
172,-15.19,29,1,1
173,-11.59,29,1,2
174,-5.46,29,1,3
175,-8.81,29,1,4
176,-6.04,29,1,5
177,-13.82,29,1,6
178,-3.93,29,1,7
179,-3.71,29,1,8
180,-48.79,3,1,0
181,-31.68,3,1,1
182,-17.04,3,1,2
183,-16.71,3,1,3
184,-6.5,3,1,4
185,-8.75,3,1,5
186,-2.02,3,1,6
187,-2.74,3,1,7
188,-1.42,3,1,8
189,-40.59,30,1,0
190,-36.21,30,1,1
191,-22.36,30,1,2
192,-14.59,30,1,3
193,-10.96,30,1,4
194,-8.02,30,1,5
195,-8.37,30,1,6
196,-1.18,30,1,7
197,-0.09,30,1,8
198,-19.38,31,1,0
199,-14.69,31,1,1
200,-0.12,31,1,2
201,3.82,31,1,3
202,4.06,31,1,4
203,2.6,31,1,5
204,13.15,31,1,6
205,18.26,31,1,7
206,10.87,31,1,8
207,-29.78,32,1,0
208,-27.64,32,1,1
209,-14.38,32,1,2
210,-12.11,32,1,3
211,-13.85,32,1,4
212,-11.74,32,1,5
213,-14.6,32,1,6
214,-11.22,32,1,7
215,-1.37,32,1,8
216,-29.73,33,1,0
217,3.79,33,1,1
218,10.83,33,1,2
219,22.54,33,1,3
220,18.11,33,1,4
221,17.24,33,1,5
222,18.02,33,1,6
223,17.6,33,1,7
224,21.16,33,1,8
225,-29.27,34,1,0
226,-23.74,34,1,1
227,-21.14,34,1,2
228,-30.08,34,1,3
229,-23.75,34,1,4
230,-25.39,34,1,5
231,-21.54,34,1,6
232,-23.03,34,1,7
233,-21.31,34,1,8
234,-12.2,35,1,0
235,0.9,35,1,1
236,9.25,35,1,2
237,14.4,35,1,3
238,27.18,35,1,4
239,21.18,35,1,5
240,28.0,35,1,6
241,22.93,35,1,7
242,24.63,35,1,8
243,-19.51,36,1,0
244,0.61,36,1,1
245,11.76,36,1,2
246,6.68,36,1,3
247,9.66,36,1,4
248,18.93,36,1,5
249,26.59,36,1,6
250,21.4,36,1,7
251,29.53,36,1,8
252,-18.83,37,1,0
253,7.35,37,1,1
254,18.4,37,1,2
255,25.35,37,1,3
256,28.19,37,1,4
257,18.38,37,1,5
258,32.3,37,1,6
259,18.41,37,1,7
260,23.46,37,1,8
261,-22.44,38,1,0
262,-18.45,38,1,1
263,-4.0,38,1,2
264,-8.29,38,1,3
265,-4.05,38,1,4
266,-3.11,38,1,5
267,-19.45,38,1,6
268,-14.62,38,1,7
269,-19.93,38,1,8
270,-41.55,39,1,0
271,-23.6,39,1,1
272,-23.41,39,1,2
273,-22.59,39,1,3
274,-8.95,39,1,4
275,2.79,39,1,5
276,4.86,39,1,6
277,7.23,39,1,7
278,6.22,39,1,8
279,-41.1,4,1,0
280,-18.42,4,1,1
281,-20.05,4,1,2
282,-19.74,4,1,3
283,-15.87,4,1,4
284,-21.53,4,1,5
285,-22.86,4,1,6
286,-18.88,4,1,7
287,-21.96,4,1,8
288,-37.75,40,1,0
289,-27.06,40,1,1
290,-32.31,40,1,2
291,-14.49,40,1,3
292,2.1,40,1,4
293,12.57,40,1,5
294,18.33,40,1,6
295,17.87,40,1,7
296,27.82,40,1,8
297,-15.98,41,1,0
298,-18.03,41,1,1
299,-14.21,41,1,2
300,-13.84,41,1,3
301,-8.69,41,1,4
302,-13.19,41,1,5
303,-14.48,41,1,6
304,-8.26,41,1,7
305,-3.17,41,1,8
306,-25.48,42,1,0
307,-20.0,42,1,1
308,-14.48,42,1,2
309,-13.43,42,1,3
310,-14.89,42,1,4
311,-10.24,42,1,5
312,-12.48,42,1,6
313,-9.66,42,1,7
314,-10.55,42,1,8
315,-36.73,43,1,0
316,-35.67,43,1,1
317,-35.39,43,1,2
318,-17.87,43,1,3
319,-16.41,43,1,4
320,-19.07,43,1,5
321,-19.82,43,1,6
322,-17.03,43,1,7
323,-18.2,43,1,8
324,-21.14,44,1,0
325,-13.79,44,1,1
326,-22.4,44,1,2
327,-20.64,44,1,3
328,-26.77,44,1,4
329,-22.17,44,1,5
330,-21.91,44,1,6
331,-21.07,44,1,7
332,-15.36,44,1,8
333,-29.78,45,1,0
334,-15.83,45,1,1
335,-11.43,45,1,2
336,-7.2,45,1,3
337,-8.64,45,1,4
338,-0.49,45,1,5
339,-3.4,45,1,6
340,0.29,45,1,7
341,4.32,45,1,8
342,-22.85,46,1,0
343,-15.3,46,1,1
344,-15.21,46,1,2
345,-12.93,46,1,3
346,-11.51,46,1,4
347,-7.33,46,1,5
348,-4.71,46,1,6
349,-7.83,46,1,7
350,-4.98,46,1,8
351,-40.31,47,1,0
352,-35.3,47,1,1
353,-31.61,47,1,2
354,-35.34,47,1,3
355,-34.39,47,1,4
356,-37.51,47,1,5
357,-22.37,47,1,6
358,-15.61,47,1,7
359,-9.72,47,1,8
360,-16.76,48,1,0
361,4.63,48,1,1
362,7.07,48,1,2
363,3.52,48,1,3
364,1.51,48,1,4
365,13.22,48,1,5
366,15.67,48,1,6
367,18.87,48,1,7
368,11.96,48,1,8
369,,49,1,0
370,-26.93,49,1,1
371,-21.09,49,1,2
372,-18.09,49,1,3
373,-16.57,49,1,4
374,-25.27,49,1,5
375,-15.6,49,1,6
376,-8.48,49,1,7
377,-4.2,49,1,8
378,-5.32,49,1,9
379,,49,1,10
380,-24.65,49,1,11
381,-16.42,49,1,12
382,0.89,49,1,13
383,12.14,49,1,14
384,11.42,49,1,15
385,13.29,49,1,16
386,17.4,49,1,17
387,16.23,49,1,18
388,21.26,49,1,19
389,,49,1,20
390,-17.82,5,1,0
391,-17.18,5,1,1
392,-14.24,5,1,2
393,-14.25,5,1,3
394,-5.71,5,1,4
395,1.4,5,1,5
396,-4.6,5,1,6
397,-7.2,5,1,7
398,-2.34,5,1,8
399,-24.81,50,1,0
400,-22.56,50,1,1
401,-14.67,50,1,2
402,-12.98,50,1,3
403,-7.29,50,1,4
404,-3.7,50,1,5
405,1.91,50,1,6
406,-3.92,50,1,7
407,-1.55,50,1,8
408,-36.48,6,1,0
409,-34.32,6,1,1
410,-28.39,6,1,2
411,-28.92,6,1,3
412,-23.05,6,1,4
413,-7.45,6,1,5
414,-9.65,6,1,6
415,-8.35,6,1,7
416,-10.72,6,1,8
417,-15.91,7,1,0
418,-12.52,7,1,1
419,7.82,7,1,2
420,7.33,7,1,3
421,11.58,7,1,4
422,17.49,7,1,5
423,20.76,7,1,6
424,22.42,7,1,7
425,23.17,7,1,8
426,-34.04,8,1,0
427,-26.18,8,1,1
428,-22.73,8,1,2
429,-24.13,8,1,3
430,-22.61,8,1,4
431,-25.63,8,1,5
432,-23.73,8,1,6
433,-28.71,8,1,7
434,-22.77,8,1,8
435,-36.51,9,1,0
436,-28.3,9,1,1
437,-21.88,9,1,2
438,-17.01,9,1,3
439,-6.04,9,1,4
440,9.34,9,1,5
441,12.81,9,1,6
442,10.89,9,1,7
443,13.24,9,1,8
444,-8.75,10,2,0
445,-1.16,10,2,1
446,4.95,10,2,2
447,8.18,10,2,3
448,14.11,10,2,4
449,12.51,10,2,5
450,20.62,10,2,6
451,27.08,10,2,7
452,23.99,10,2,8
453,-39.11,11,2,0
454,-27.59,11,2,1
455,-26.73,11,2,2
456,-33.3,11,2,3
457,-27.42,11,2,4
458,-22.47,11,2,5
459,-18.35,11,2,6
460,-23.43,11,2,7
461,-19.11,11,2,8
462,-19.26,12,2,0
463,-13.36,12,2,1
464,-11.72,12,2,2
465,-6.01,12,2,3
466,-11.8,12,2,4
467,-5.18,12,2,5
468,-5.51,12,2,6
469,-0.42,12,2,7
470,-5.14,12,2,8
471,-35.8,13,2,0
472,-20.8,13,2,1
473,-12.02,13,2,2
474,-9.79,13,2,3
475,-6.82,13,2,4
476,-1.49,13,2,5
477,-3.1,13,2,6
478,0.47,13,2,7
479,-4.51,13,2,8
480,-27.08,15,2,0
481,-31.11,15,2,1
482,-21.1,15,2,2
483,-15.89,15,2,3
484,-14.87,15,2,4
485,-7.21,15,2,5
486,-10.43,15,2,6
487,-3.02,15,2,7
488,2.67,15,2,8
489,-38.41,16,2,0
490,-23.41,16,2,1
491,-14.38,16,2,2
492,-10.83,16,2,3
493,-12.99,16,2,4
494,-16.88,16,2,5
495,-13.92,16,2,6
496,-6.97,16,2,7
497,-7.71,16,2,8
498,-28.39,17,2,0
499,-22.93,17,2,1
500,-20.54,17,2,2
501,-22.66,17,2,3
502,-16.34,17,2,4
503,-7.54,17,2,5
504,-7.82,17,2,6
505,-4.38,17,2,7
506,-13.37,17,2,8
507,-39.96,18,2,0
508,-46.01,18,2,1
509,-41.95,18,2,2
510,-34.41,18,2,3
511,-20.74,18,2,4
512,-33.71,18,2,5
513,-43.64,18,2,6
514,-31.95,18,2,7
515,-30.31,18,2,8
516,-18.89,19,2,0
517,-14.47,19,2,1
518,-12.82,19,2,2
519,-11.36,19,2,3
520,-6.74,19,2,4
521,-0.57,19,2,5
522,-0.49,19,2,6
523,8.27,19,2,7
524,10.57,19,2,8
525,-19.92,20,2,0
526,2.91,20,2,1
527,7.06,20,2,2
528,5.67,20,2,3
529,5.71,20,2,4
530,8.03,20,2,5
531,8.61,20,2,6
532,9.53,20,2,7
533,6.59,20,2,8
534,-35.55,21,2,0
535,-28.48,21,2,1
536,-23.06,21,2,2
537,-6.2,21,2,3
538,2.75,21,2,4
539,5.87,21,2,5
540,8.94,21,2,6
541,11.01,21,2,7
542,13.59,21,2,8
543,-25.66,22,2,0
544,-14.34,22,2,1
545,4.21,22,2,2
546,2.0,22,2,3
547,5.93,22,2,4
548,9.31,22,2,5
549,14.38,22,2,6
550,9.77,22,2,7
551,24.7,22,2,8
552,-41.13,23,2,0
553,-25.56,23,2,1
554,-11.0,23,2,2
555,-4.26,23,2,3
556,-3.14,23,2,4
557,3.23,23,2,5
558,10.28,23,2,6
559,8.93,23,2,7
560,11.24,23,2,8
561,-31.71,24,2,0
562,-20.89,24,2,1
563,-24.12,24,2,2
564,-23.68,24,2,3
565,-14.99,24,2,4
566,-14.21,24,2,5
567,-15.62,24,2,6
568,-15.27,24,2,7
569,-17.35,24,2,8
570,-12.42,28,2,0
571,-2.69,28,2,1
572,4.56,28,2,2
573,10.28,28,2,3
574,9.59,28,2,4
575,7.0,28,2,5
576,11.17,28,2,6
577,27.09,28,2,7
578,25.3,28,2,8
579,-24.59,3,2,0
580,1.23,3,2,1
581,8.83,3,2,2
582,6.22,3,2,3
583,8.64,3,2,4
584,6.28,3,2,5
585,5.33,3,2,6
586,6.87,3,2,7
587,11.51,3,2,8
588,-30.96,30,2,0
589,-18.93,30,2,1
590,-19.37,30,2,2
591,-14.84,30,2,3
592,-11.23,30,2,4
593,-7.95,30,2,5
594,6.4,30,2,6
595,12.07,30,2,7
596,8.9,30,2,8
597,-22.97,32,2,0
598,-20.68,32,2,1
599,-19.8,32,2,2
600,-22.01,32,2,3
601,-19.45,32,2,4
602,-12.2,32,2,5
603,10.03,32,2,6
604,12.59,32,2,7
605,5.6,32,2,8
606,-31.51,33,2,0
607,-18.84,33,2,1
608,-12.5,33,2,2
609,-8.45,33,2,3
610,-15.4,33,2,4
611,-5.58,33,2,5
612,-5.66,33,2,6
613,-5.98,33,2,7
614,-2.37,33,2,8
615,-16.45,34,2,0
616,14.56,34,2,1
617,20.56,34,2,2
618,10.63,34,2,3
619,21.43,34,2,4
620,18.86,34,2,5
621,21.09,34,2,6
622,17.24,34,2,7
623,16.65,34,2,8
624,-30.03,37,2,0
625,-24.93,37,2,1
626,-33.63,37,2,2
627,-16.19,37,2,3
628,-2.16,37,2,4
629,0.44,37,2,5
630,0.13,37,2,6
631,-2.99,37,2,7
632,-1.79,37,2,8
633,-34.89,38,2,0
634,-33.74,38,2,1
635,-30.64,38,2,2
636,-29.76,38,2,3
637,3.98,38,2,4
638,16.26,38,2,5
639,33.71,38,2,6
640,29.55,38,2,7
641,20.02,38,2,8
642,-28.98,4,2,0
643,-22.1,4,2,1
644,-15.89,4,2,2
645,-13.91,4,2,3
646,-10.14,4,2,4
647,-14.82,4,2,5
648,-7.45,4,2,6
649,-13.28,4,2,7
650,-13.35,4,2,8
651,-24.44,44,2,0
652,-17.05,44,2,1
653,-9.86,44,2,2
654,3.38,44,2,3
655,0.42,44,2,4
656,4.63,44,2,5
657,15.44,44,2,6
658,21.34,44,2,7
659,26.49,44,2,8
660,-9.77,45,2,0
661,20.47,45,2,1
662,24.8,45,2,2
663,28.11,45,2,3
664,18.92,45,2,4
665,18.65,45,2,5
666,37.17,45,2,6
667,25.08,45,2,7
668,23.04,45,2,8
669,-32.12,46,2,0
670,-24.43,46,2,1
671,-26.82,46,2,2
672,-17.71,46,2,3
673,-14.76,46,2,4
674,-14.75,46,2,5
675,-12.92,46,2,6
676,-14.96,46,2,7
677,-14.38,46,2,8
678,-15.92,47,2,0
679,0.27,47,2,1
680,12.79,47,2,2
681,16.58,47,2,3
682,14.63,47,2,4
683,21.72,47,2,5
684,29.01,47,2,6
685,29.93,47,2,7
686,31.38,47,2,8
687,-23.87,48,2,0
688,-8.72,48,2,1
689,9.21,48,2,2
690,7.18,48,2,3
691,14.82,48,2,4
692,20.82,48,2,5
693,20.76,48,2,6
694,21.38,48,2,7
695,33.46,48,2,8
696,,49,2,0
697,-16.68,49,2,1
698,6.97,49,2,2
699,27.35,49,2,3
700,31.46,49,2,4
701,20.83,49,2,5
702,23.27,49,2,6
703,28.22,49,2,7
704,26.81,49,2,8
705,22.76,49,2,9
706,,49,2,10
707,-22.53,49,2,11
708,-12.85,49,2,12
709,-24.69,49,2,13
710,-27.43,49,2,14
711,-16.52,49,2,15
712,-12.4,49,2,16
713,-6.48,49,2,17
714,-3.48,49,2,18
715,-1.74,49,2,19
716,,49,2,20
717,-28.14,5,2,0
718,-8.42,5,2,1
719,-14.32,5,2,2
720,-12.24,5,2,3
721,-12.41,5,2,4
722,-9.08,5,2,5
723,-7.62,5,2,6
724,-5.23,5,2,7
725,-4.83,5,2,8
726,-24.97,50,2,0
727,-29.78,50,2,1
728,-30.13,50,2,2
729,-8.08,50,2,3
730,12.5,50,2,4
731,18.91,50,2,5
732,15.2,50,2,6
733,18.01,50,2,7
734,32.3,50,2,8
735,-31.97,6,2,0
736,-26.97,6,2,1
737,-24.07,6,2,2
738,-25.96,6,2,3
739,-24.31,6,2,4
740,-22.89,6,2,5
741,-25.19,6,2,6
742,-22.43,6,2,7
743,-22.87,6,2,8
744,-25.47,7,2,0
745,-16.76,7,2,1
746,-7.75,7,2,2
747,-8.84,7,2,3
748,-12.69,7,2,4
749,-13.42,7,2,5
750,-15.21,7,2,6
751,-12.41,7,2,7
752,-7.98,7,2,8
753,-39.45,8,2,0
754,-23.51,8,2,1
755,-12.39,8,2,2
756,-10.22,8,2,3
757,-11.83,8,2,4
758,-8.17,8,2,5
759,-2.87,8,2,6
760,-3.21,8,2,7
761,-10.12,8,2,8
762,-37.46,9,2,0
763,-33.74,9,2,1
764,-36.36,9,2,2
765,-34.72,9,2,3
766,-39.49,9,2,4
767,-34.16,9,2,5
768,-36.58,9,2,6
769,-35.29,9,2,7
770,-36.04,9,2,8
771,-32.52,10,3,0
772,-21.65,10,3,1
773,-20.54,10,3,2
774,-22.13,10,3,3
775,-14.74,10,3,4
776,-15.74,10,3,5
777,-4.84,10,3,6
778,-6.01,10,3,7
779,-8.66,10,3,8
780,-35.88,11,3,0
781,-17.78,11,3,1
782,-20.79,11,3,2
783,-15.07,11,3,3
784,-15.09,11,3,4
785,-5.04,11,3,5
786,0.35,11,3,6
787,-2.79,11,3,7
788,-0.63,11,3,8
789,-18.35,12,3,0
790,-5.97,12,3,1
791,-0.34,12,3,2
792,11.38,12,3,3
793,7.7,12,3,4
794,0.38,12,3,5
795,8.68,12,3,6
796,7.48,12,3,7
797,5.71,12,3,8
798,-15.01,13,3,0
799,-0.12,13,3,1
800,7.67,13,3,2
801,8.72,13,3,3
802,15.17,13,3,4
803,18.85,13,3,5
804,15.25,13,3,6
805,25.82,13,3,7
806,26.69,13,3,8
807,-17.5,15,3,0
808,-1.8,15,3,1
809,18.63,15,3,2
810,19.09,15,3,3
811,18.34,15,3,4
812,20.05,15,3,5
813,18.82,15,3,6
814,27.59,15,3,7
815,23.55,15,3,8
816,-18.14,19,3,0
817,0.76,19,3,1
818,11.03,19,3,2
819,7.4,19,3,3
820,8.62,19,3,4
821,13.74,19,3,5
822,20.57,19,3,6
823,28.28,19,3,7
824,22.87,19,3,8
825,-8.25,20,3,0
826,7.49,20,3,1
827,15.96,20,3,2
828,11.45,20,3,3
829,28.7,20,3,4
830,22.06,20,3,5
831,23.1,20,3,6
832,22.98,20,3,7
833,25.19,20,3,8
834,-23.3,21,3,0
835,-19.33,21,3,1
836,-2.09,21,3,2
837,10.21,21,3,3
838,16.99,21,3,4
839,37.27,21,3,5
840,33.5,21,3,6
841,34.23,21,3,7
842,40.34,21,3,8
843,-36.2,22,3,0
844,0.65,22,3,1
845,11.49,22,3,2
846,16.2,22,3,3
847,20.68,22,3,4
848,24.32,22,3,5
849,25.82,22,3,6
850,25.66,22,3,7
851,34.25,22,3,8
852,-38.17,23,3,0
853,-32.76,23,3,1
854,-9.36,23,3,2
855,5.69,23,3,3
856,22.51,23,3,4
857,26.35,23,3,5
858,27.6,23,3,6
859,29.9,23,3,7
860,30.84,23,3,8
861,-29.55,24,3,0
862,-25.26,24,3,1
863,-24.72,24,3,2
864,-16.42,24,3,3
865,-13.77,24,3,4
866,-17.01,24,3,5
867,-14.83,24,3,6
868,-7.05,24,3,7
869,11.25,24,3,8
870,-43.08,25,3,0
871,-22.77,25,3,1
872,3.1,25,3,2
873,20.08,25,3,3
874,21.48,25,3,4
875,25.36,25,3,5
876,23.96,25,3,6
877,20.43,25,3,7
878,30.35,25,3,8
879,-27.57,26,3,0
880,-21.28,26,3,1
881,-7.71,26,3,2
882,1.12,26,3,3
883,-1.96,26,3,4
884,2.8,26,3,5
885,11.74,26,3,6
886,15.37,26,3,7
887,28.79,26,3,8
888,-33.85,27,3,0
889,-20.49,27,3,1
890,-15.87,27,3,2
891,-11.42,27,3,3
892,-9.01,27,3,4
893,-9.07,27,3,5
894,-6.83,27,3,6
895,-3.13,27,3,7
896,-12.67,27,3,8
897,-32.43,3,3,0
898,-41.44,3,3,1
899,-14.25,3,3,2
900,-11.06,3,3,3
901,-11.14,3,3,4
902,-10.99,3,3,5
903,-11.48,3,3,6
904,-13.79,3,3,7
905,-11.12,3,3,8
906,-8.64,31,3,0
907,1.94,31,3,1
908,22.67,31,3,2
909,17.68,31,3,3
910,16.32,31,3,4
911,19.37,31,3,5
912,18.94,31,3,6
913,17.74,31,3,7
914,21.71,31,3,8
915,-18.32,32,3,0
916,-12.34,32,3,1
917,4.41,32,3,2
918,16.31,32,3,3
919,24.4,32,3,4
920,35.54,32,3,5
921,22.73,32,3,6
922,26.24,32,3,7
923,31.98,32,3,8
924,-31.38,33,3,0
925,-20.2,33,3,1
926,-27.6,33,3,2
927,-31.91,33,3,3
928,-17.85,33,3,4
929,6.07,33,3,5
930,14.85,33,3,6
931,17.8,33,3,7
932,13.85,33,3,8
933,-31.29,35,3,0
934,-25.99,35,3,1
935,-18.17,35,3,2
936,0.37,35,3,3
937,10.04,35,3,4
938,24.23,35,3,5
939,35.65,35,3,6
940,25.55,35,3,7
941,39.17,35,3,8
942,-32.17,37,3,0
943,0.0,37,3,1
944,20.04,37,3,2
945,21.1,37,3,3
946,26.62,37,3,4
947,28.2,37,3,5
948,29.03,37,3,6
949,30.39,37,3,7
950,27.98,37,3,8
951,-26.24,39,3,0
952,-21.58,39,3,1
953,-17.34,39,3,2
954,-11.89,39,3,3
955,-4.38,39,3,4
956,10.71,39,3,5
957,5.39,39,3,6
958,7.65,39,3,7
959,15.51,39,3,8
960,-17.99,4,3,0
961,-7.27,4,3,1
962,-5.91,4,3,2
963,-13.0,4,3,3
964,-11.01,4,3,4
965,-14.13,4,3,5
966,-19.13,4,3,6
967,-23.91,4,3,7
968,-21.11,4,3,8
969,-11.56,40,3,0
970,-10.9,40,3,1
971,-10.35,40,3,2
972,-9.61,40,3,3
973,-2.26,40,3,4
974,-3.61,40,3,5
975,-1.7,40,3,6
976,6.17,40,3,7
977,11.7,40,3,8
978,-24.39,41,3,0
979,-15.88,41,3,1
980,-6.75,41,3,2
981,-6.34,41,3,3
982,-14.25,41,3,4
983,7.32,41,3,5
984,14.36,41,3,6
985,17.41,41,3,7
986,13.71,41,3,8
987,-26.68,42,3,0
988,-11.44,42,3,1
989,-11.8,42,3,2
990,-4.85,42,3,3
991,-0.52,42,3,4
992,0.56,42,3,5
993,8.24,42,3,6
994,12.74,42,3,7
995,24.34,42,3,8
996,-30.36,43,3,0
997,-21.23,43,3,1
998,-11.8,43,3,2
999,-13.57,43,3,3
1000,2.28,43,3,4
1001,11.92,43,3,5
1002,30.52,43,3,6
1003,33.92,43,3,7
1004,51.62,43,3,8
1005,-38.07,44,3,0
1006,-25.66,44,3,1
1007,-10.13,44,3,2
1008,-2.85,44,3,3
1009,4.78,44,3,4
1010,12.01,44,3,5
1011,13.26,44,3,6
1012,8.42,44,3,7
1013,15.74,44,3,8
1014,-37.4,45,3,0
1015,-35.27,45,3,1
1016,-32.81,45,3,2
1017,-33.13,45,3,3
1018,-32.02,45,3,4
1019,-17.84,45,3,5
1020,1.45,45,3,6
1021,13.87,45,3,7
1022,17.0,45,3,8
1023,-31.04,46,3,0
1024,2.67,46,3,1
1025,16.06,46,3,2
1026,23.33,46,3,3
1027,18.55,46,3,4
1028,4.73,46,3,5
1029,19.7,46,3,6
1030,15.35,46,3,7
1031,22.28,46,3,8
1032,-27.9,47,3,0
1033,-20.52,47,3,1
1034,-9.67,47,3,2
1035,-4.13,47,3,3
1036,-8.41,47,3,4
1037,-0.33,47,3,5
1038,3.66,47,3,6
1039,16.64,47,3,7
1040,32.37,47,3,8
1041,-34.3,48,3,0
1042,-21.7,48,3,1
1043,-16.82,48,3,2
1044,-4.85,48,3,3
1045,15.54,48,3,4
1046,18.32,48,3,5
1047,25.62,48,3,6
1048,33.13,48,3,7
1049,31.51,48,3,8
1050,,49,3,0
1051,-23.3,49,3,1
1052,-13.51,49,3,2
1053,-5.87,49,3,3
1054,-13.06,49,3,4
1055,-4.22,49,3,5
1056,8.13,49,3,6
1057,27.08,49,3,7
1058,40.07,49,3,8
1059,53.11,49,3,9
1060,,49,3,10
1061,-30.75,49,3,11
1062,-23.99,49,3,12
1063,-21.94,49,3,13
1064,-15.35,49,3,14
1065,-14.08,49,3,15
1066,-7.69,49,3,16
1067,-10.27,49,3,17
1068,1.92,49,3,18
1069,16.45,49,3,19
1070,,49,3,20
1071,-26.53,5,3,0
1072,-15.7,5,3,1
1073,-4.4,5,3,2
1074,-1.25,5,3,3
1075,-5.55,5,3,4
1076,-9.5,5,3,5
1077,1.14,5,3,6
1078,-2.27,5,3,7
1079,-0.69,5,3,8
1080,-35.6,50,3,0
1081,-23.18,50,3,1
1082,5.18,50,3,2
1083,23.76,50,3,3
1084,24.29,50,3,4
1085,32.72,50,3,5
1086,27.52,50,3,6
1087,37.76,50,3,7
1088,32.04,50,3,8
1089,-26.26,6,3,0
1090,-18.14,6,3,1
1091,-17.44,6,3,2
1092,-20.07,6,3,3
1093,-16.67,6,3,4
1094,-9.33,6,3,5
1095,-14.6,6,3,6
1096,-14.48,6,3,7
1097,-12.41,6,3,8
1098,-37.62,7,3,0
1099,-20.45,7,3,1
1100,-17.28,7,3,2
1101,-10.07,7,3,3
1102,4.53,7,3,4
1103,1.29,7,3,5
1104,18.49,7,3,6
1105,8.76,7,3,7
1106,18.03,7,3,8
1107,-39.89,8,3,0
1108,-15.74,8,3,1
1109,-10.15,8,3,2
1110,-14.28,8,3,3
1111,-8.09,8,3,4
1112,-10.03,8,3,5
1113,-6.86,8,3,6
1114,-5.54,8,3,7
1115,1.01,8,3,8
1116,-30.99,9,3,0
1117,-5.22,9,3,1
1118,3.2,9,3,2
1119,15.11,9,3,3
1120,18.58,9,3,4
1121,21.8,9,3,5
1122,17.58,9,3,6
1123,15.95,9,3,7
1124,22.69,9,3,8
1125,-20.35,10,4,0
1126,4.14,10,4,1
1127,10.2,10,4,2
1128,2.99,10,4,3
1129,7.88,10,4,4
1130,6.02,10,4,5
1131,7.23,10,4,6
1132,12.68,10,4,7
1133,13.94,10,4,8
1134,-32.56,11,4,0
1135,-11.97,11,4,1
1136,-19.47,11,4,2
1137,-16.62,11,4,3
1138,-15.12,11,4,4
1139,-8.84,11,4,5
1140,-12.58,11,4,6
1141,-7.54,11,4,7
1142,-12.25,11,4,8
1143,-34.49,12,4,0
1144,-22.91,12,4,1
1145,-3.98,12,4,2
1146,12.92,12,4,3
1147,20.33,12,4,4
1148,18.67,12,4,5
1149,22.96,12,4,6
1150,22.29,12,4,7
1151,27.52,12,4,8
1152,-27.78,13,4,0
1153,-22.13,13,4,1
1154,-16.95,13,4,2
1155,-16.24,13,4,3
1156,-8.73,13,4,4
1157,-8.87,13,4,5
1158,-2.92,13,4,6
1159,2.61,13,4,7
1160,7.25,13,4,8
1161,-27.31,14,4,0
1162,-22.14,14,4,1
1163,-7.95,14,4,2
1164,-6.13,14,4,3
1165,-6.41,14,4,4
1166,3.79,14,4,5
1167,2.94,14,4,6
1168,0.41,14,4,7
1169,-5.09,14,4,8
1170,-19.64,16,4,0
1171,-1.55,16,4,1
1172,1.54,16,4,2
1173,3.53,16,4,3
1174,4.23,16,4,4
1175,7.7,16,4,5
1176,8.52,16,4,6
1177,16.11,16,4,7
1178,8.53,16,4,8
1179,-28.65,18,4,0
1180,-19.89,18,4,1
1181,-18.91,18,4,2
1182,-6.04,18,4,3
1183,1.39,18,4,4
1184,2.93,18,4,5
1185,9.56,18,4,6
1186,8.14,18,4,7
1187,19.09,18,4,8
1188,-20.6,19,4,0
1189,-8.39,19,4,1
1190,0.7,19,4,2
1191,-6.43,19,4,3
1192,7.67,19,4,4
1193,8.53,19,4,5
1194,14.33,19,4,6
1195,7.13,19,4,7
1196,11.98,19,4,8
1197,-42.18,20,4,0
1198,-26.3,20,4,1
1199,-13.66,20,4,2
1200,-1.98,20,4,3
1201,8.68,20,4,4
1202,9.39,20,4,5
1203,5.68,20,4,6
1204,15.9,20,4,7
1205,24.12,20,4,8
1206,-27.07,21,4,0
1207,-12.74,21,4,1
1208,1.51,21,4,2
1209,9.41,21,4,3
1210,12.28,21,4,4
1211,6.56,21,4,5
1212,11.75,21,4,6
1213,31.81,21,4,7
1214,28.45,21,4,8
1215,-30.99,22,4,0
1216,-11.93,22,4,1
1217,-9.19,22,4,2
1218,1.2,22,4,3
1219,0.71,22,4,4
1220,1.7,22,4,5
1221,13.06,22,4,6
1222,14.16,22,4,7
1223,20.31,22,4,8
1224,-29.02,23,4,0
1225,-24.02,23,4,1
1226,-8.58,23,4,2
1227,-4.37,23,4,3
1228,3.83,23,4,4
1229,8.45,23,4,5
1230,14.07,23,4,6
1231,7.0,23,4,7
1232,2.93,23,4,8
1233,-29.38,24,4,0
1234,2.16,24,4,1
1235,16.48,24,4,2
1236,31.87,24,4,3
1237,23.06,24,4,4
1238,32.73,24,4,5
1239,26.98,24,4,6
1240,28.91,24,4,7
1241,26.47,24,4,8
1242,-35.01,3,4,0
1243,-32.15,3,4,1
1244,-34.34,3,4,2
1245,-27.33,3,4,3
1246,-35.87,3,4,4
1247,-29.43,3,4,5
1248,-33.17,3,4,6
1249,-28.13,3,4,7
1250,-30.27,3,4,8
1251,-40.48,31,4,0
1252,-22.91,31,4,1
1253,-16.86,31,4,2
1254,-18.83,31,4,3
1255,-13.55,31,4,4
1256,-13.01,31,4,5
1257,-3.05,31,4,6
1258,-3.35,31,4,7
1259,-3.01,31,4,8
1260,-30.65,32,4,0
1261,-20.0,32,4,1
1262,-12.8,32,4,2
1263,2.09,32,4,3
1264,13.8,32,4,4
1265,21.98,32,4,5
1266,13.69,32,4,6
1267,17.55,32,4,7
1268,24.71,32,4,8
1269,-33.24,33,4,0
1270,-18.76,33,4,1
1271,-17.75,33,4,2
1272,-16.05,33,4,3
1273,-9.45,33,4,4
1274,7.87,33,4,5
1275,12.53,33,4,6
1276,16.52,33,4,7
1277,12.54,33,4,8
1278,-28.82,35,4,0
1279,-26.28,35,4,1
1280,-25.47,35,4,2
1281,-17.11,35,4,3
1282,-12.75,35,4,4
1283,-8.08,35,4,5
1284,-6.52,35,4,6
1285,-12.15,35,4,7
1286,-9.6,35,4,8
1287,-24.35,39,4,0
1288,-3.26,39,4,1
1289,17.66,39,4,2
1290,29.88,39,4,3
1291,22.28,39,4,4
1292,32.08,39,4,5
1293,30.69,39,4,6
1294,24.19,39,4,7
1295,27.87,39,4,8
1296,-39.34,4,4,0
1297,-38.21,4,4,1
1298,-39.54,4,4,2
1299,-29.34,4,4,3
1300,-32.21,4,4,4
1301,-31.76,4,4,5
1302,-29.62,4,4,6
1303,-36.6,4,4,7
1304,-30.39,4,4,8
1305,-29.91,41,4,0
1306,-28.14,41,4,1
1307,-16.92,41,4,2
1308,-9.96,41,4,3
1309,2.56,41,4,4
1310,15.02,41,4,5
1311,11.77,41,4,6
1312,-3.77,41,4,7
1313,13.23,41,4,8
1314,-11.87,42,4,0
1315,15.28,42,4,1
1316,13.43,42,4,2
1317,27.56,42,4,3
1318,30.74,42,4,4
1319,37.81,42,4,5
1320,27.05,42,4,6
1321,17.11,42,4,7
1322,33.08,42,4,8
1323,-26.6,43,4,0
1324,-12.73,43,4,1
1325,4.63,43,4,2
1326,32.1,43,4,3
1327,20.3,43,4,4
1328,35.35,43,4,5
1329,12.53,43,4,6
1330,18.67,43,4,7
1331,29.04,43,4,8
1332,-27.12,45,4,0
1333,-23.0,45,4,1
1334,-13.19,45,4,2
1335,-5.1,45,4,3
1336,2.52,45,4,4
1337,19.43,45,4,5
1338,35.83,45,4,6
1339,41.91,45,4,7
1340,48.92,45,4,8
1341,-27.53,46,4,0
1342,-15.94,46,4,1
1343,-4.09,46,4,2
1344,-14.8,46,4,3
1345,-11.23,46,4,4
1346,9.68,46,4,5
1347,26.78,46,4,6
1348,20.0,46,4,7
1349,19.47,46,4,8
1350,-26.73,47,4,0
1351,-34.44,47,4,1
1352,-14.85,47,4,2
1353,-3.11,47,4,3
1354,4.05,47,4,4
1355,18.41,47,4,5
1356,19.4,47,4,6
1357,37.32,47,4,7
1358,41.61,47,4,8
1359,-45.69,48,4,0
1360,-35.45,48,4,1
1361,-6.54,48,4,2
1362,3.22,48,4,3
1363,11.77,48,4,4
1364,15.27,48,4,5
1365,24.28,48,4,6
1366,20.8,48,4,7
1367,29.9,48,4,8
1368,,49,4,0
1369,-24.48,49,4,1
1370,-11.03,49,4,2
1371,-12.19,49,4,3
1372,-11.84,49,4,4
1373,14.51,49,4,5
1374,19.7,49,4,6
1375,21.07,49,4,7
1376,17.7,49,4,8
1377,19.17,49,4,9
1378,,49,4,10
1379,-36.59,49,4,11
1380,-19.96,49,4,12
1381,-12.8,49,4,13
1382,-5.77,49,4,14
1383,-4.72,49,4,15
1384,-4.08,49,4,16
1385,4.24,49,4,17
1386,31.66,49,4,18
1387,19.93,49,4,19
1388,,49,4,20
1389,-30.15,5,4,0
1390,-34.85,5,4,1
1391,-32.12,5,4,2
1392,-36.6,5,4,3
1393,-33.64,5,4,4
1394,-35.49,5,4,5
1395,-36.57,5,4,6
1396,-34.14,5,4,7
1397,-32.84,5,4,8
1398,-30.58,50,4,0
1399,-31.47,50,4,1
1400,-19.43,50,4,2
1401,-2.56,50,4,3
1402,7.04,50,4,4
1403,-1.84,50,4,5
1404,17.8,50,4,6
1405,30.16,50,4,7
1406,23.53,50,4,8
1407,-33.39,6,4,0
1408,-30.83,6,4,1
1409,-27.68,6,4,2
1410,-29.35,6,4,3
1411,-28.89,6,4,4
1412,-27.39,6,4,5
1413,-29.87,6,4,6
1414,-28.01,6,4,7
1415,-29.3,6,4,8
1416,-25.89,7,4,0
1417,-18.63,7,4,1
1418,-16.01,7,4,2
1419,-14.69,7,4,3
1420,-6.54,7,4,4
1421,-5.31,7,4,5
1422,0.68,7,4,6
1423,-9.32,7,4,7
1424,-6.78,7,4,8
1425,-34.6,8,4,0
1426,-23.74,8,4,1
1427,-19.86,8,4,2
1428,-19.74,8,4,3
1429,-13.75,8,4,4
1430,-12.91,8,4,5
1431,-10.79,8,4,6
1432,-6.31,8,4,7
1433,-10.5,8,4,8
1434,-22.26,9,4,0
1435,-15.17,9,4,1
1436,-2.49,9,4,2
1437,14.27,9,4,3
1438,7.48,9,4,4
1439,6.71,9,4,5
1440,3.84,9,4,6
1441,4.04,9,4,7
1442,15.5,9,4,8
1443,-29.92,10,5,0
1444,-17.85,10,5,1
1445,-12.42,10,5,2
1446,-16.68,10,5,3
1447,-23.08,10,5,4
1448,-14.94,10,5,5
1449,-9.05,10,5,6
1450,-0.31,10,5,7
1451,8.03,10,5,8
1452,-30.18,11,5,0
1453,-16.84,11,5,1
1454,-5.41,11,5,2
1455,8.0,11,5,3
1456,14.49,11,5,4
1457,17.44,11,5,5
1458,21.39,11,5,6
1459,-0.98,11,5,7
1460,13.85,11,5,8
1461,-33.22,12,5,0
1462,-19.95,12,5,1
1463,-11.04,12,5,2
1464,-3.45,12,5,3
1465,-2.15,12,5,4
1466,2.77,12,5,5
1467,3.83,12,5,6
1468,8.67,12,5,7
1469,11.85,12,5,8
1470,-33.31,13,5,0
1471,-23.99,13,5,1
1472,-23.94,13,5,2
1473,-14.95,13,5,3
1474,-14.1,13,5,4
1475,-10.37,13,5,5
1476,5.58,13,5,6
1477,1.91,13,5,7
1478,9.58,13,5,8
1479,-30.16,14,5,0
1480,-21.38,14,5,1
1481,-7.54,14,5,2
1482,-2.29,14,5,3
1483,-6.74,14,5,4
1484,-6.89,14,5,5
1485,0.35,14,5,6
1486,0.41,14,5,7
1487,2.4,14,5,8
1488,-33.61,15,5,0
1489,-28.63,15,5,1
1490,-20.54,15,5,2
1491,-8.8,15,5,3
1492,2.82,15,5,4
1493,17.66,15,5,5
1494,16.77,15,5,6
1495,14.85,15,5,7
1496,32.57,15,5,8
1497,-32.28,18,5,0
1498,-28.78,18,5,1
1499,-28.01,18,5,2
1500,-34.01,18,5,3
1501,-7.56,18,5,4
1502,6.28,18,5,5
1503,10.85,18,5,6
1504,15.68,18,5,7
1505,19.88,18,5,8
1506,-12.48,20,5,0
1507,10.46,20,5,1
1508,12.68,20,5,2
1509,28.25,20,5,3
1510,18.26,20,5,4
1511,25.09,20,5,5
1512,27.65,20,5,6
1513,27.87,20,5,7
1514,28.74,20,5,8
1515,-30.82,21,5,0
1516,-20.28,21,5,1
1517,-27.52,21,5,2
1518,-21.63,21,5,3
1519,-6.43,21,5,4
1520,-5.68,21,5,5
1521,-0.14,21,5,6
1522,24.44,21,5,7
1523,35.37,21,5,8
1524,-32.65,22,5,0
1525,-22.29,22,5,1
1526,-19.38,22,5,2
1527,-4.35,22,5,3
1528,-1.3,22,5,4
1529,8.48,22,5,5
1530,6.62,22,5,6
1531,6.03,22,5,7
1532,12.7,22,5,8
1533,-41.21,23,5,0
1534,-25.33,23,5,1
1535,-21.06,23,5,2
1536,-14.87,23,5,3
1537,-5.23,23,5,4
1538,-4.35,23,5,5
1539,16.04,23,5,6
1540,25.54,23,5,7
1541,18.33,23,5,8
1542,-23.24,24,5,0
1543,-13.11,24,5,1
1544,-11.65,24,5,2
1545,-6.94,24,5,3
1546,1.39,24,5,4
1547,4.06,24,5,5
1548,16.57,24,5,6
1549,27.09,24,5,7
1550,20.22,24,5,8
1551,-36.0,25,5,0
1552,-38.46,25,5,1
1553,-31.75,25,5,2
1554,-11.72,25,5,3
1555,10.48,25,5,4
1556,10.09,25,5,5
1557,12.35,25,5,6
1558,12.74,25,5,7
1559,32.99,25,5,8
1560,-30.56,26,5,0
1561,-7.52,26,5,1
1562,6.27,26,5,2
1563,24.55,26,5,3
1564,31.54,26,5,4
1565,23.95,26,5,5
1566,38.26,26,5,6
1567,24.78,26,5,7
1568,25.13,26,5,8
1569,-19.05,27,5,0
1570,6.05,27,5,1
1571,24.76,27,5,2
1572,25.59,27,5,3
1573,20.55,27,5,4
1574,24.09,27,5,5
1575,30.3,27,5,6
1576,31.59,27,5,7
1577,28.61,27,5,8
1578,-28.35,3,5,0
1579,-32.58,3,5,1
1580,-27.68,3,5,2
1581,-31.28,3,5,3
1582,-25.02,3,5,4
1583,-28.95,3,5,5
1584,-29.21,3,5,6
1585,-28.87,3,5,7
1586,-28.64,3,5,8
1587,-28.99,30,5,0
1588,-33.01,30,5,1
1589,-24.19,30,5,2
1590,-16.08,30,5,3
1591,-7.29,30,5,4
1592,5.96,30,5,5
1593,6.13,30,5,6
1594,12.25,30,5,7
1595,18.35,30,5,8
1596,-31.98,32,5,0
1597,-14.42,32,5,1
1598,-12.18,32,5,2
1599,-6.24,32,5,3
1600,-1.41,32,5,4
1601,-5.93,32,5,5
1602,4.39,32,5,6
1603,27.39,32,5,7
1604,45.95,32,5,8
1605,-35.83,34,5,0
1606,-35.58,34,5,1
1607,-23.1,34,5,2
1608,2.96,34,5,3
1609,9.3,34,5,4
1610,24.37,34,5,5
1611,8.28,34,5,6
1612,15.24,34,5,7
1613,26.91,34,5,8
1614,-23.02,35,5,0
1615,14.21,35,5,1
1616,17.92,35,5,2
1617,30.15,35,5,3
1618,23.02,35,5,4
1619,34.37,35,5,5
1620,29.57,35,5,6
1621,25.81,35,5,7
1622,30.85,35,5,8
1623,-6.02,36,5,0
1624,6.47,36,5,1
1625,23.93,36,5,2
1626,22.17,36,5,3
1627,29.45,36,5,4
1628,27.33,36,5,5
1629,21.4,36,5,6
1630,28.38,36,5,7
1631,12.74,36,5,8
1632,-26.4,38,5,0
1633,-24.98,38,5,1
1634,-12.25,38,5,2
1635,0.29,38,5,3
1636,11.95,38,5,4
1637,18.11,38,5,5
1638,17.38,38,5,6
1639,26.56,38,5,7
1640,31.19,38,5,8
1641,-20.52,39,5,0
1642,-0.47,39,5,1
1643,7.21,39,5,2
1644,29.29,39,5,3
1645,27.62,39,5,4
1646,29.58,39,5,5
1647,27.17,39,5,6
1648,36.52,39,5,7
1649,38.94,39,5,8
1650,-32.85,4,5,0
1651,-30.05,4,5,1
1652,-19.24,4,5,2
1653,-21.12,4,5,3
1654,-19.35,4,5,4
1655,-24.95,4,5,5
1656,-19.89,4,5,6
1657,-23.39,4,5,7
1658,-22.76,4,5,8
1659,-21.57,40,5,0
1660,0.66,40,5,1
1661,18.73,40,5,2
1662,16.14,40,5,3
1663,16.7,40,5,4
1664,28.48,40,5,5
1665,23.62,40,5,6
1666,19.91,40,5,7
1667,13.22,40,5,8
1668,-15.48,41,5,0
1669,0.81,41,5,1
1670,0.23,41,5,2
1671,10.45,41,5,3
1672,15.94,41,5,4
1673,26.61,41,5,5
1674,28.04,41,5,6
1675,26.87,41,5,7
1676,18.64,41,5,8
1677,-17.54,43,5,0
1678,0.24,43,5,1
1679,15.18,43,5,2
1680,21.36,43,5,3
1681,30.65,43,5,4
1682,27.21,43,5,5
1683,30.15,43,5,6
1684,21.06,43,5,7
1685,39.98,43,5,8
1686,-27.59,44,5,0
1687,-23.57,44,5,1
1688,-13.41,44,5,2
1689,-9.33,44,5,3
1690,-3.96,44,5,4
1691,-3.57,44,5,5
1692,9.67,44,5,6
1693,5.42,44,5,7
1694,5.33,44,5,8
1695,-28.63,45,5,0
1696,-20.71,45,5,1
1697,-7.85,45,5,2
1698,4.51,45,5,3
1699,15.72,45,5,4
1700,16.76,45,5,5
1701,12.63,45,5,6
1702,13.52,45,5,7
1703,22.29,45,5,8
1704,-25.5,46,5,0
1705,-23.27,46,5,1
1706,-19.07,46,5,2
1707,-15.18,46,5,3
1708,-15.33,46,5,4
1709,-18.49,46,5,5
1710,-15.02,46,5,6
1711,-11.21,46,5,7
1712,-7.19,46,5,8
1713,-30.99,47,5,0
1714,-27.66,47,5,1
1715,-16.8,47,5,2
1716,-10.37,47,5,3
1717,3.53,47,5,4
1718,-5.84,47,5,5
1719,-4.86,47,5,6
1720,3.66,47,5,7
1721,24.44,47,5,8
1722,,48,5,0
1723,-31.4,48,5,1
1724,-28.58,48,5,2
1725,-24.33,48,5,3
1726,-10.16,48,5,4
1727,-3.47,48,5,5
1728,2.92,48,5,6
1729,19.98,48,5,7
1730,51.08,48,5,8
1731,47.22,48,5,9
1732,,48,5,10
1733,-23.65,48,5,11
1734,-2.27,48,5,12
1735,5.66,48,5,13
1736,16.15,48,5,14
1737,9.73,48,5,15
1738,17.04,48,5,16
1739,17.58,48,5,17
1740,25.15,48,5,18
1741,20.96,48,5,19
1742,,48,5,20
1743,,49,5,0
1744,-37.94,49,5,1
1745,-1.08,49,5,2
1746,4.46,49,5,3
1747,20.16,49,5,4
1748,15.99,49,5,5
1749,17.13,49,5,6
1750,20.6,49,5,7
1751,18.05,49,5,8
1752,18.78,49,5,9
1753,,49,5,10
1754,-30.86,49,5,11
1755,-13.09,49,5,12
1756,-7.73,49,5,13
1757,-2.1,49,5,14
1758,2.65,49,5,15
1759,6.33,49,5,16
1760,10.04,49,5,17
1761,23.47,49,5,18
1762,27.83,49,5,19
1763,,49,5,20
1764,-33.42,5,5,0
1765,-29.0,5,5,1
1766,-27.61,5,5,2
1767,-29.0,5,5,3
1768,-28.58,5,5,4
1769,-29.87,5,5,5
1770,-28.21,5,5,6
1771,-29.38,5,5,7
1772,-28.79,5,5,8
1773,-3.94,50,5,0
1774,12.38,50,5,1
1775,22.49,50,5,2
1776,26.64,50,5,3
1777,21.48,50,5,4
1778,21.84,50,5,5
1779,22.8,50,5,6
1780,24.8,50,5,7
1781,26.72,50,5,8
1782,-37.37,6,5,0
1783,-26.41,6,5,1
1784,-19.45,6,5,2
1785,-16.2,6,5,3
1786,-19.53,6,5,4
1787,-15.21,6,5,5
1788,-18.86,6,5,6
1789,-16.84,6,5,7
1790,-16.24,6,5,8
1791,-30.72,7,5,0
1792,-33.67,7,5,1
1793,-27.73,7,5,2
1794,-21.99,7,5,3
1795,-25.85,7,5,4
1796,-18.52,7,5,5
1797,-10.97,7,5,6
1798,-13.45,7,5,7
1799,-15.28,7,5,8
1800,-34.2,8,5,0
1801,-25.94,8,5,1
1802,-27.22,8,5,2
1803,-27.5,8,5,3
1804,-30.64,8,5,4
1805,-22.83,8,5,5
1806,-20.97,8,5,6
1807,-11.9,8,5,7
1808,-10.34,8,5,8
1809,-32.54,9,5,0
1810,-18.56,9,5,1
1811,-7.28,9,5,2
1812,2.28,9,5,3
1813,12.18,9,5,4
1814,12.83,9,5,5
1815,16.52,9,5,6
1816,19.93,9,5,7
1817,17.47,9,5,8
1818,-34.4,10,6,0
1819,-31.86,10,6,1
1820,-31.28,10,6,2
1821,-31.35,10,6,3
1822,-31.13,10,6,4
1823,-24.5,10,6,5
1824,-20.11,10,6,6
1825,-20.54,10,6,7
1826,-22.79,10,6,8
1827,-38.61,11,6,0
1828,-32.76,11,6,1
1829,-32.64,11,6,2
1830,-33.33,11,6,3
1831,-34.93,11,6,4
1832,-37.74,11,6,5
1833,-36.61,11,6,6
1834,-34.09,11,6,7
1835,-38.23,11,6,8
1836,-33.51,12,6,0
1837,-31.89,12,6,1
1838,-25.17,12,6,2
1839,-15.6,12,6,3
1840,-13.22,12,6,4
1841,-7.45,12,6,5
1842,-3.82,12,6,6
1843,-2.61,12,6,7
1844,10.4,12,6,8
1845,-29.49,13,6,0
1846,-22.81,13,6,1
1847,-18.66,13,6,2
1848,-23.84,13,6,3
1849,-15.97,13,6,4
1850,-13.75,13,6,5
1851,-7.83,13,6,6
1852,-11.13,13,6,7
1853,-13.5,13,6,8
1854,-32.6,16,6,0
1855,-26.58,16,6,1
1856,-19.5,16,6,2
1857,-19.72,16,6,3
1858,-22.27,16,6,4
1859,-17.69,16,6,5
1860,-21.29,16,6,6
1861,-27.42,16,6,7
1862,-27.83,16,6,8
1863,-44.59,20,6,0
1864,-42.21,20,6,1
1865,-19.96,20,6,2
1866,-11.26,20,6,3
1867,9.09,20,6,4
1868,19.76,20,6,5
1869,25.24,20,6,6
1870,12.0,20,6,7
1871,24.27,20,6,8
1872,-22.17,21,6,0
1873,-9.61,21,6,1
1874,-7.45,21,6,2
1875,-2.15,21,6,3
1876,1.25,21,6,4
1877,3.85,21,6,5
1878,11.07,21,6,6
1879,10.05,21,6,7
1880,10.03,21,6,8
1881,-11.23,22,6,0
1882,5.09,22,6,1
1883,10.56,22,6,2
1884,14.43,22,6,3
1885,17.99,22,6,4
1886,23.68,22,6,5
1887,23.71,22,6,6
1888,22.2,22,6,7
1889,28.52,22,6,8
1890,-29.13,23,6,0
1891,-16.17,23,6,1
1892,-6.8,23,6,2
1893,-1.14,23,6,3
1894,-6.01,23,6,4
1895,-17.16,23,6,5
1896,3.94,23,6,6
1897,9.36,23,6,7
1898,15.15,23,6,8
1899,-35.4,28,6,0
1900,-29.08,28,6,1
1901,-13.48,28,6,2
1902,-1.64,28,6,3
1903,4.88,28,6,4
1904,7.09,28,6,5
1905,4.88,28,6,6
1906,3.69,28,6,7
1907,16.3,28,6,8
1908,-31.98,3,6,0
1909,-28.11,3,6,1
1910,-30.76,3,6,2
1911,-19.99,3,6,3
1912,-9.78,3,6,4
1913,-6.53,3,6,5
1914,-10.07,3,6,6
1915,-23.37,3,6,7
1916,-34.63,3,6,8
1917,-23.8,32,6,0
1918,-5.3,32,6,1
1919,6.22,32,6,2
1920,20.46,32,6,3
1921,34.71,32,6,4
1922,43.64,32,6,5
1923,41.25,32,6,6
1924,26.98,32,6,7
1925,30.8,32,6,8
1926,-24.37,33,6,0
1927,-13.36,33,6,1
1928,1.3,33,6,2
1929,9.99,33,6,3
1930,13.73,33,6,4
1931,17.93,33,6,5
1932,10.39,33,6,6
1933,33.96,33,6,7
1934,21.27,33,6,8
1935,-21.27,34,6,0
1936,6.12,34,6,1
1937,21.71,34,6,2
1938,31.1,34,6,3
1939,18.97,34,6,4
1940,8.82,34,6,5
1941,27.2,34,6,6
1942,28.51,34,6,7
1943,18.82,34,6,8
1944,-32.65,38,6,0
1945,-19.55,38,6,1
1946,-14.05,38,6,2
1947,-3.32,38,6,3
1948,3.93,38,6,4
1949,8.23,38,6,5
1950,17.24,38,6,6
1951,16.77,38,6,7
1952,10.46,38,6,8
1953,-36.05,4,6,0
1954,-36.74,4,6,1
1955,-34.38,4,6,2
1956,-32.77,4,6,3
1957,-36.42,4,6,4
1958,-35.08,4,6,5
1959,-38.57,4,6,6
1960,-35.86,4,6,7
1961,-32.27,4,6,8
1962,-26.02,40,6,0
1963,-27.18,40,6,1
1964,-17.07,40,6,2
1965,-1.45,40,6,3
1966,11.31,40,6,4
1967,12.84,40,6,5
1968,20.75,40,6,6
1969,25.72,40,6,7
1970,15.81,40,6,8
1971,-30.29,42,6,0
1972,-15.68,42,6,1
1973,-1.86,42,6,2
1974,22.23,42,6,3
1975,21.41,42,6,4
1976,32.7,42,6,5
1977,21.8,42,6,6
1978,26.2,42,6,7
1979,22.34,42,6,8
1980,-30.2,43,6,0
1981,-21.17,43,6,1
1982,-5.66,43,6,2
1983,0.63,43,6,3
1984,-1.12,43,6,4
1985,13.02,43,6,5
1986,5.79,43,6,6
1987,19.06,43,6,7
1988,20.25,43,6,8
1989,-30.94,44,6,0
1990,-18.47,44,6,1
1991,-6.81,44,6,2
1992,12.16,44,6,3
1993,18.19,44,6,4
1994,13.78,44,6,5
1995,7.84,44,6,6
1996,12.9,44,6,7
1997,22.33,44,6,8
1998,-27.53,45,6,0
1999,8.32,45,6,1
2000,21.92,45,6,2
2001,30.82,45,6,3
2002,25.68,45,6,4
2003,24.0,45,6,5
2004,26.58,45,6,6
2005,25.66,45,6,7
2006,30.74,45,6,8
2007,-29.07,46,6,0
2008,-6.91,46,6,1
2009,1.27,46,6,2
2010,-5.83,46,6,3
2011,-0.75,46,6,4
2012,6.2,46,6,5
2013,16.37,46,6,6
2014,22.98,46,6,7
2015,27.43,46,6,8
2016,-29.92,47,6,0
2017,-25.93,47,6,1
2018,-17.97,47,6,2
2019,-12.54,47,6,3
2020,-26.07,47,6,4
2021,-17.58,47,6,5
2022,-2.92,47,6,6
2023,3.09,47,6,7
2024,8.91,47,6,8
2025,,48,6,0
2026,-17.61,48,6,1
2027,-11.58,48,6,2
2028,-5.88,48,6,3
2029,-10.35,48,6,4
2030,-6.45,48,6,5
2031,-3.24,48,6,6
2032,2.25,48,6,7
2033,-8.27,48,6,8
2034,-0.09,48,6,9
2035,,48,6,10
2036,-22.43,48,6,11
2037,-0.66,48,6,12
2038,7.98,48,6,13
2039,21.04,48,6,14
2040,30.04,48,6,15
2041,22.77,48,6,16
2042,32.82,48,6,17
2043,22.68,48,6,18
2044,22.32,48,6,19
2045,,48,6,20
2046,,49,6,0
2047,-26.24,49,6,1
2048,-15.76,49,6,2
2049,-6.5,49,6,3
2050,-5.39,49,6,4
2051,-9.44,49,6,5
2052,-3.15,49,6,6
2053,3.1,49,6,7
2054,-5.71,49,6,8
2055,-2.27,49,6,9
2056,,49,6,10
2057,-28.01,49,6,11
2058,-13.71,49,6,12
2059,0.86,49,6,13
2060,19.9,49,6,14
2061,19.16,49,6,15
2062,19.03,49,6,16
2063,31.55,49,6,17
2064,26.33,49,6,18
2065,25.35,49,6,19
2066,,49,6,20
2067,-30.72,5,6,0
2068,-28.39,5,6,1
2069,-25.62,5,6,2
2070,-26.01,5,6,3
2071,-28.41,5,6,4
2072,-26.09,5,6,5
2073,-31.24,5,6,6
2074,-27.79,5,6,7
2075,-29.96,5,6,8
2076,-31.55,50,6,0
2077,-13.45,50,6,1
2078,0.02,50,6,2
2079,2.02,50,6,3
2080,-2.29,50,6,4
2081,28.09,50,6,5
2082,24.81,50,6,6
2083,14.48,50,6,7
2084,33.1,50,6,8
2085,-31.79,6,6,0
2086,-30.61,6,6,1
2087,-28.52,6,6,2
2088,-18.7,6,6,3
2089,-20.27,6,6,4
2090,-17.64,6,6,5
2091,-15.57,6,6,6
2092,-9.62,6,6,7
2093,-7.32,6,6,8
2094,-34.89,7,6,0
2095,-18.15,7,6,1
2096,-14.83,7,6,2
2097,-5.91,7,6,3
2098,-4.46,7,6,4
2099,1.99,7,6,5
2100,4.42,7,6,6
2101,6.43,7,6,7
2102,1.83,7,6,8
2103,-35.45,8,6,0
2104,-22.94,8,6,1
2105,-26.87,8,6,2
2106,-26.6,8,6,3
2107,-18.87,8,6,4
2108,-14.26,8,6,5
2109,-11.63,8,6,6
2110,-7.29,8,6,7
2111,-2.94,8,6,8
2112,-27.69,9,6,0
2113,-27.15,9,6,1
2114,-12.11,9,6,2
2115,-3.12,9,6,3
2116,7.02,9,6,4
2117,4.67,9,6,5
2118,7.18,9,6,6
2119,6.23,9,6,7
2120,14.24,9,6,8
2121,-28.43,10,7,0
2122,-27.35,10,7,1
2123,-29.7,10,7,2
2124,-26.64,10,7,3
2125,-28.7,10,7,4
2126,-28.87,10,7,5
2127,-27.68,10,7,6
2128,-25.05,10,7,7
2129,-29.43,10,7,8
2130,-32.84,11,7,0
2131,-27.1,11,7,1
2132,-31.24,11,7,2
2133,-29.57,11,7,3
2134,-28.28,11,7,4
2135,-30.54,11,7,5
2136,-26.34,11,7,6
2137,-30.5,11,7,7
2138,-28.1,11,7,8
2139,-32.3,12,7,0
2140,-27.26,12,7,1
2141,-19.29,12,7,2
2142,-16.43,12,7,3
2143,-12.38,12,7,4
2144,-15.57,12,7,5
2145,-8.55,12,7,6
2146,-4.97,12,7,7
2147,-9.1,12,7,8
2148,-31.04,13,7,0
2149,-26.36,13,7,1
2150,-6.64,13,7,2
2151,-15.89,13,7,3
2152,1.29,13,7,4
2153,4.52,13,7,5
2154,8.91,13,7,6
2155,5.82,13,7,7
2156,10.2,13,7,8
2157,-34.17,15,7,0
2158,-24.47,15,7,1
2159,-12.92,15,7,2
2160,-7.02,15,7,3
2161,-5.1,15,7,4
2162,-0.92,15,7,5
2163,5.5,15,7,6
2164,14.91,15,7,7
2165,13.13,15,7,8
2166,-29.47,17,7,0
2167,-25.49,17,7,1
2168,-19.65,17,7,2
2169,-8.31,17,7,3
2170,-10.63,17,7,4
2171,-8.11,17,7,5
2172,-14.15,17,7,6
2173,-9.52,17,7,7
2174,-10.02,17,7,8
2175,-25.85,20,7,0
2176,-24.8,20,7,1
2177,-2.56,20,7,2
2178,10.15,20,7,3
2179,13.51,20,7,4
2180,22.03,20,7,5
2181,14.53,20,7,6
2182,17.83,20,7,7
2183,18.56,20,7,8
2184,-24.12,21,7,0
2185,-16.58,21,7,1
2186,-19.55,21,7,2
2187,-9.58,21,7,3
2188,-9.72,21,7,4
2189,-11.76,21,7,5
2190,-10.1,21,7,6
2191,-10.94,21,7,7
2192,0.61,21,7,8
2193,-28.1,22,7,0
2194,-19.23,22,7,1
2195,-4.77,22,7,2
2196,10.53,22,7,3
2197,13.02,22,7,4
2198,21.06,22,7,5
2199,15.43,22,7,6
2200,28.19,22,7,7
2201,18.28,22,7,8
2202,-29.16,25,7,0
2203,-20.67,25,7,1
2204,-16.18,25,7,2
2205,-8.4,25,7,3
2206,-9.09,25,7,4
2207,-4.48,25,7,5
2208,1.7,25,7,6
2209,9.17,25,7,7
2210,11.77,25,7,8
2211,-18.48,26,7,0
2212,-0.23,26,7,1
2213,4.33,26,7,2
2214,21.61,26,7,3
2215,23.74,26,7,4
2216,28.21,26,7,5
2217,14.02,26,7,6
2218,16.4,26,7,7
2219,24.96,26,7,8
2220,-31.18,29,7,0
2221,-30.33,29,7,1
2222,10.57,29,7,2
2223,10.92,29,7,3
2224,16.68,29,7,4
2225,20.34,29,7,5
2226,28.23,29,7,6
2227,19.98,29,7,7
2228,25.41,29,7,8
2229,-38.16,3,7,0
2230,-31.78,3,7,1
2231,-31.1,3,7,2
2232,-30.24,3,7,3
2233,-31.48,3,7,4
2234,-32.87,3,7,5
2235,-30.45,3,7,6
2236,-33.0,3,7,7
2237,-30.83,3,7,8
2238,-32.03,30,7,0
2239,-32.26,30,7,1
2240,-38.76,30,7,2
2241,-36.96,30,7,3
2242,-20.63,30,7,4
2243,-7.51,30,7,5
2244,-5.68,30,7,6
2245,-3.11,30,7,7
2246,7.01,30,7,8
2247,-41.57,33,7,0
2248,-9.54,33,7,1
2249,2.35,33,7,2
2250,14.05,33,7,3
2251,19.9,33,7,4
2252,24.92,33,7,5
2253,27.57,33,7,6
2254,17.73,33,7,7
2255,32.11,33,7,8
2256,-24.84,36,7,0
2257,-26.2,36,7,1
2258,-22.67,36,7,2
2259,5.34,36,7,3
2260,24.45,36,7,4
2261,12.6,36,7,5
2262,23.48,36,7,6
2263,22.01,36,7,7
2264,25.06,36,7,8
2265,-39.56,4,7,0
2266,-36.23,4,7,1
2267,-37.87,4,7,2
2268,-47.7,4,7,3
2269,-41.87,4,7,4
2270,-33.4,4,7,5
2271,-33.75,4,7,6
2272,-34.4,4,7,7
2273,-34.89,4,7,8
2274,-29.81,40,7,0
2275,2.49,40,7,1
2276,14.62,40,7,2
2277,17.22,40,7,3
2278,17.76,40,7,4
2279,27.23,40,7,5
2280,21.37,40,7,6
2281,27.28,40,7,7
2282,15.55,40,7,8
2283,-27.26,41,7,0
2284,-22.64,41,7,1
2285,-16.14,41,7,2
2286,-10.7,41,7,3
2287,-3.59,41,7,4
2288,-8.98,41,7,5
2289,-8.0,41,7,6
2290,-7.12,41,7,7
2291,3.31,41,7,8
2292,-27.15,42,7,0
2293,-9.87,42,7,1
2294,-7.55,42,7,2
2295,-3.78,42,7,3
2296,-4.3,42,7,4
2297,0.99,42,7,5
2298,19.32,42,7,6
2299,22.56,42,7,7
2300,6.95,42,7,8
2301,-28.93,43,7,0
2302,-22.82,43,7,1
2303,-11.79,43,7,2
2304,-8.2,43,7,3
2305,-5.34,43,7,4
2306,-8.38,43,7,5
2307,-13.05,43,7,6
2308,-7.96,43,7,7
2309,-9.2,43,7,8
2310,-27.04,45,7,0
2311,21.83,45,7,1
2312,27.51,45,7,2
2313,23.46,45,7,3
2314,22.18,45,7,4
2315,21.6,45,7,5
2316,24.96,45,7,6
2317,34.72,45,7,7
2318,24.05,45,7,8
2319,-31.09,46,7,0
2320,-20.21,46,7,1
2321,-13.88,46,7,2
2322,-6.52,46,7,3
2323,-7.17,46,7,4
2324,-7.44,46,7,5
2325,7.87,46,7,6
2326,22.96,46,7,7
2327,30.29,46,7,8
2328,-28.23,47,7,0
2329,-22.99,47,7,1
2330,13.47,47,7,2
2331,22.59,47,7,3
2332,20.93,47,7,4
2333,26.44,47,7,5
2334,37.56,47,7,6
2335,26.73,47,7,7
2336,19.83,47,7,8
2337,,48,7,0
2338,-29.13,48,7,1
2339,-21.94,48,7,2
2340,-17.45,48,7,3
2341,-12.07,48,7,4
2342,-1.59,48,7,5
2343,-7.73,48,7,6
2344,-3.23,48,7,7
2345,-4.44,48,7,8
2346,6.97,48,7,9
2347,,48,7,10
2348,-19.88,48,7,11
2349,-13.82,48,7,12
2350,-3.33,48,7,13
2351,6.46,48,7,14
2352,8.07,48,7,15
2353,14.44,48,7,16
2354,15.53,48,7,17
2355,15.12,48,7,18
2356,17.67,48,7,19
2357,,48,7,20
2358,,49,7,0
2359,-27.89,49,7,1
2360,-6.92,49,7,2
2361,-0.26,49,7,3
2362,27.63,49,7,4
2363,48.92,49,7,5
2364,54.71,49,7,6
2365,41.78,49,7,7
2366,44.58,49,7,8
2367,58.93,49,7,9
2368,,49,7,10
2369,-33.8,49,7,11
2370,-23.58,49,7,12
2371,-18.07,49,7,13
2372,-16.58,49,7,14
2373,-0.47,49,7,15
2374,1.95,49,7,16
2375,5.37,49,7,17
2376,4.36,49,7,18
2377,2.95,49,7,19
2378,,49,7,20
2379,-39.0,5,7,0
2380,-37.02,5,7,1
2381,-24.5,5,7,2
2382,16.95,5,7,3
2383,17.72,5,7,4
2384,17.47,5,7,5
2385,27.12,5,7,6
2386,15.41,5,7,7
2387,31.93,5,7,8
2388,-28.79,50,7,0
2389,-25.68,50,7,1
2390,-4.75,50,7,2
2391,2.16,50,7,3
2392,2.48,50,7,4
2393,3.99,50,7,5
2394,16.04,50,7,6
2395,12.43,50,7,7
2396,5.89,50,7,8
2397,-29.63,6,7,0
2398,-28.03,6,7,1
2399,-30.99,6,7,2
2400,-32.0,6,7,3
2401,-32.4,6,7,4
2402,-37.87,6,7,5
2403,-36.06,6,7,6
2404,-37.97,6,7,7
2405,-35.92,6,7,8
2406,-28.74,7,7,0
2407,-27.59,7,7,1
2408,-14.09,7,7,2
2409,-19.96,7,7,3
2410,-25.81,7,7,4
2411,-12.57,7,7,5
2412,-14.0,7,7,6
2413,-4.1,7,7,7
2414,0.81,7,7,8
2415,-24.0,8,7,0
2416,-21.46,8,7,1
2417,-8.91,8,7,2
2418,-11.02,8,7,3
2419,-8.81,8,7,4
2420,-4.22,8,7,5
2421,-7.11,8,7,6
2422,-3.08,8,7,7
2423,-6.05,8,7,8
2424,-29.14,9,7,0
2425,-28.45,9,7,1
2426,-26.08,9,7,2
2427,-25.43,9,7,3
2428,-27.5,9,7,4
2429,-29.67,9,7,5
2430,-25.84,9,7,6
2431,-27.84,9,7,7
2432,-29.54,9,7,8
2433,-16.04,10,8,0
2434,-0.56,10,8,1
2435,16.26,10,8,2
2436,14.25,10,8,3
2437,16.74,10,8,4
2438,9.79,10,8,5
2439,10.88,10,8,6
2440,13.55,10,8,7
2441,24.27,10,8,8
2442,-35.28,11,8,0
2443,-30.74,11,8,1
2444,-29.03,11,8,2
2445,-27.5,11,8,3
2446,-27.05,11,8,4
2447,-19.49,11,8,5
2448,-16.52,11,8,6
2449,-6.65,11,8,7
2450,2.78,11,8,8
2451,-29.61,12,8,0
2452,0.8,12,8,1
2453,4.41,12,8,2
2454,14.33,12,8,3
2455,25.54,12,8,4
2456,26.11,12,8,5
2457,20.29,12,8,6
2458,24.26,12,8,7
2459,30.94,12,8,8
2460,-29.85,13,8,0
2461,-21.03,13,8,1
2462,-14.3,13,8,2
2463,-10.31,13,8,3
2464,-8.24,13,8,4
2465,-4.63,13,8,5
2466,-1.94,13,8,6
2467,3.74,13,8,7
2468,10.47,13,8,8
2469,-32.25,14,8,0
2470,-28.75,14,8,1
2471,-30.52,14,8,2
2472,-28.34,14,8,3
2473,-30.07,14,8,4
2474,-26.47,14,8,5
2475,-23.43,14,8,6
2476,-24.62,14,8,7
2477,-10.06,14,8,8
2478,-34.77,16,8,0
2479,-20.41,16,8,1
2480,-12.1,16,8,2
2481,-2.95,16,8,3
2482,-0.83,16,8,4
2483,4.01,16,8,5
2484,4.78,16,8,6
2485,17.8,16,8,7
2486,13.3,16,8,8
2487,-38.29,17,8,0
2488,-26.71,17,8,1
2489,-15.92,17,8,2
2490,-11.43,17,8,3
2491,-6.61,17,8,4
2492,-5.99,17,8,5
2493,3.05,17,8,6
2494,3.23,17,8,7
2495,5.13,17,8,8
2496,-35.54,18,8,0
2497,-33.04,18,8,1
2498,-24.41,18,8,2
2499,-10.6,18,8,3
2500,-11.73,18,8,4
2501,-0.95,18,8,5
2502,-3.37,18,8,6
2503,-4.31,18,8,7
2504,10.51,18,8,8
2505,-30.3,19,8,0
2506,-19.47,19,8,1
2507,-13.1,19,8,2
2508,-5.47,19,8,3
2509,2.11,19,8,4
2510,2.7,19,8,5
2511,-1.92,19,8,6
2512,4.43,19,8,7
2513,9.32,19,8,8
2514,-32.41,20,8,0
2515,-12.82,20,8,1
2516,-8.62,20,8,2
2517,5.79,20,8,3
2518,10.06,20,8,4
2519,15.1,20,8,5
2520,12.78,20,8,6
2521,12.17,20,8,7
2522,32.77,20,8,8
2523,-30.59,21,8,0
2524,-24.72,21,8,1
2525,-21.58,21,8,2
2526,-4.65,21,8,3
2527,-5.09,21,8,4
2528,-9.64,21,8,5
2529,6.41,21,8,6
2530,1.29,21,8,7
2531,6.22,21,8,8
2532,-43.48,22,8,0
2533,-24.62,22,8,1
2534,-15.73,22,8,2
2535,-6.08,22,8,3
2536,8.27,22,8,4
2537,20.17,22,8,5
2538,17.76,22,8,6
2539,21.52,22,8,7
2540,32.93,22,8,8
2541,-34.65,27,8,0
2542,-13.94,27,8,1
2543,-4.84,27,8,2
2544,-1.04,27,8,3
2545,8.32,27,8,4
2546,2.65,27,8,5
2547,3.31,27,8,6
2548,8.04,27,8,7
2549,1.41,27,8,8
2550,-47.92,29,8,0
2551,-42.38,29,8,1
2552,-25.43,29,8,2
2553,4.32,29,8,3
2554,15.16,29,8,4
2555,6.48,29,8,5
2556,12.57,29,8,6
2557,13.74,29,8,7
2558,14.27,29,8,8
2559,-29.52,3,8,0
2560,-30.36,3,8,1
2561,-32.36,3,8,2
2562,-28.23,3,8,3
2563,-25.93,3,8,4
2564,-6.47,3,8,5
2565,-13.65,3,8,6
2566,-24.76,3,8,7
2567,-19.93,3,8,8
2568,-32.21,30,8,0
2569,-3.18,30,8,1
2570,7.53,30,8,2
2571,21.3,30,8,3
2572,9.49,30,8,4
2573,10.22,30,8,5
2574,8.99,30,8,6
2575,12.53,30,8,7
2576,19.72,30,8,8
2577,-34.57,31,8,0
2578,-30.26,31,8,1
2579,-15.38,31,8,2
2580,6.43,31,8,3
2581,26.61,31,8,4
2582,25.04,31,8,5
2583,24.57,31,8,6
2584,17.99,31,8,7
2585,25.15,31,8,8
2586,-36.17,34,8,0
2587,-37.42,34,8,1
2588,-33.12,34,8,2
2589,-26.62,34,8,3
2590,-14.78,34,8,4
2591,-13.95,34,8,5
2592,-2.15,34,8,6
2593,12.74,34,8,7
2594,15.49,34,8,8
2595,-38.67,36,8,0
2596,-23.53,36,8,1
2597,-9.44,36,8,2
2598,0.39,36,8,3
2599,2.79,36,8,4
2600,12.7,36,8,5
2601,1.98,36,8,6
2602,6.13,36,8,7
2603,8.85,36,8,8
2604,-33.47,38,8,0
2605,-34.08,38,8,1
2606,-22.62,38,8,2
2607,-12.02,38,8,3
2608,2.69,38,8,4
2609,19.79,38,8,5
2610,36.85,38,8,6
2611,47.97,38,8,7
2612,49.98,38,8,8
2613,-31.23,4,8,0
2614,-24.17,4,8,1
2615,-31.02,4,8,2
2616,-21.9,4,8,3
2617,-14.16,4,8,4
2618,-10.95,4,8,5
2619,-18.1,4,8,6
2620,-17.04,4,8,7
2621,-29.93,4,8,8
2622,-32.34,41,8,0
2623,-20.62,41,8,1
2624,-10.99,41,8,2
2625,-7.6,41,8,3
2626,0.03,41,8,4
2627,10.0,41,8,5
2628,16.24,41,8,6
2629,25.09,41,8,7
2630,34.54,41,8,8
2631,-30.54,44,8,0
2632,-14.51,44,8,1
2633,-9.52,44,8,2
2634,6.15,44,8,3
2635,15.41,44,8,4
2636,13.36,44,8,5
2637,18.5,44,8,6
2638,12.48,44,8,7
2639,10.89,44,8,8
2640,-30.16,45,8,0
2641,-14.39,45,8,1
2642,-13.12,45,8,2
2643,-7.29,45,8,3
2644,-8.52,45,8,4
2645,1.13,45,8,5
2646,-6.05,45,8,6
2647,7.98,45,8,7
2648,9.95,45,8,8
2649,-41.86,46,8,0
2650,-7.45,46,8,1
2651,21.85,46,8,2
2652,21.19,46,8,3
2653,18.33,46,8,4
2654,16.5,46,8,5
2655,21.75,46,8,6
2656,24.75,46,8,7
2657,30.84,46,8,8
2658,-20.67,47,8,0
2659,3.22,47,8,1
2660,10.66,47,8,2
2661,18.55,47,8,3
2662,23.69,47,8,4
2663,20.77,47,8,5
2664,21.4,47,8,6
2665,22.51,47,8,7
2666,18.28,47,8,8
2667,,48,8,0
2668,-33.51,48,8,1
2669,-22.37,48,8,2
2670,-5.16,48,8,3
2671,-10.67,48,8,4
2672,-1.1,48,8,5
2673,9.87,48,8,6
2674,26.09,48,8,7
2675,34.14,48,8,8
2676,47.62,48,8,9
2677,,48,8,10
2678,-19.04,48,8,11
2679,-6.39,48,8,12
2680,5.65,48,8,13
2681,7.38,48,8,14
2682,17.58,48,8,15
2683,14.87,48,8,16
2684,13.03,48,8,17
2685,15.7,48,8,18
2686,21.38,48,8,19
2687,,48,8,20
2688,,49,8,0
2689,-29.53,49,8,1
2690,-14.43,49,8,2
2691,-2.58,49,8,3
2692,0.04,49,8,4
2693,8.57,49,8,5
2694,12.99,49,8,6
2695,8.7,49,8,7
2696,4.39,49,8,8
2697,6.31,49,8,9
2698,,49,8,10
2699,-34.58,49,8,11
2700,-21.6,49,8,12
2701,-18.51,49,8,13
2702,-3.16,49,8,14
2703,1.67,49,8,15
2704,8.39,49,8,16
2705,7.07,49,8,17
2706,16.19,49,8,18
2707,3.84,49,8,19
2708,,49,8,20
2709,-33.77,5,8,0
2710,-30.71,5,8,1
2711,-31.94,5,8,2
2712,-31.12,5,8,3
2713,-33.52,5,8,4
2714,-37.42,5,8,5
2715,-32.82,5,8,6
2716,-35.72,5,8,7
2717,-34.07,5,8,8
2718,-19.79,50,8,0
2719,-14.97,50,8,1
2720,4.28,50,8,2
2721,7.57,50,8,3
2722,2.79,50,8,4
2723,6.34,50,8,5
2724,13.15,50,8,6
2725,19.88,50,8,7
2726,17.25,50,8,8
2727,-30.57,6,8,0
2728,-19.19,6,8,1
2729,-9.7,6,8,2
2730,-22.16,6,8,3
2731,-44.11,6,8,4
2732,-19.69,6,8,5
2733,-6.01,6,8,6
2734,-6.54,6,8,7
2735,-2.74,6,8,8
2736,-38.39,7,8,0
2737,-29.66,7,8,1
2738,-35.37,7,8,2
2739,-35.6,7,8,3
2740,-32.66,7,8,4
2741,-34.28,7,8,5
2742,-35.16,7,8,6
2743,-36.92,7,8,7
2744,-37.38,7,8,8
2745,-47.15,8,8,0
2746,-26.75,8,8,1
2747,-24.22,8,8,2
2748,-2.7,8,8,3
2749,9.13,8,8,4
2750,9.97,8,8,5
2751,17.69,8,8,6
2752,28.9,8,8,7
2753,21.06,8,8,8
2754,-36.33,9,8,0
2755,-27.99,9,8,1
2756,-31.19,9,8,2
2757,-20.47,9,8,3
2758,-5.88,9,8,4
2759,-4.01,9,8,5
2760,-1.3,9,8,6
2761,-1.68,9,8,7
2762,-1.26,9,8,8
2763,-35.81,10,9,0
2764,-27.15,10,9,1
2765,-15.76,10,9,2
2766,-1.33,10,9,3
2767,-6.1,10,9,4
2768,-1.39,10,9,5
2769,-3.29,10,9,6
2770,-2.56,10,9,7
2771,8.44,10,9,8
2772,-29.4,11,9,0
2773,-21.76,11,9,1
2774,-12.33,11,9,2
2775,-2.82,11,9,3
2776,-5.19,11,9,4
2777,-2.11,11,9,5
2778,-6.24,11,9,6
2779,-9.97,11,9,7
2780,-7.07,11,9,8
2781,-27.47,12,9,0
2782,-26.71,12,9,1
2783,-4.63,12,9,2
2784,7.9,12,9,3
2785,11.04,12,9,4
2786,8.3,12,9,5
2787,12.52,12,9,6
2788,13.11,12,9,7
2789,6.63,12,9,8
2790,-26.58,13,9,0
2791,-15.96,13,9,1
2792,-2.69,13,9,2
2793,7.23,13,9,3
2794,8.76,13,9,4
2795,8.3,13,9,5
2796,6.82,13,9,6
2797,11.81,13,9,7
2798,13.91,13,9,8
2799,-27.97,14,9,0
2800,-16.43,14,9,1
2801,-7.96,14,9,2
2802,-8.01,14,9,3
2803,-27.18,14,9,4
2804,-18.07,14,9,5
2805,-6.2,14,9,6
2806,-0.46,14,9,7
2807,1.37,14,9,8
2808,-36.38,17,9,0
2809,-30.63,17,9,1
2810,-28.76,17,9,2
2811,-27.24,17,9,3
2812,-14.34,17,9,4
2813,-0.42,17,9,5
2814,8.55,17,9,6
2815,9.64,17,9,7
2816,15.77,17,9,8
2817,-34.74,18,9,0
2818,-31.76,18,9,1
2819,-16.91,18,9,2
2820,-10.12,18,9,3
2821,-0.51,18,9,4
2822,-1.91,18,9,5
2823,4.75,18,9,6
2824,9.09,18,9,7
2825,16.07,18,9,8
2826,-34.3,20,9,0
2827,-25.47,20,9,1
2828,-16.7,20,9,2
2829,-10.47,20,9,3
2830,-3.99,20,9,4
2831,11.55,20,9,5
2832,14.69,20,9,6
2833,9.67,20,9,7
2834,4.96,20,9,8
2835,-42.62,22,9,0
2836,-27.96,22,9,1
2837,-17.21,22,9,2
2838,3.54,22,9,3
2839,7.31,22,9,4
2840,5.27,22,9,5
2841,14.45,22,9,6
2842,11.62,22,9,7
2843,10.18,22,9,8
2844,-23.82,26,9,0
2845,-20.65,26,9,1
2846,-13.77,26,9,2
2847,-8.62,26,9,3
2848,-13.9,26,9,4
2849,-9.87,26,9,5
2850,-9.3,26,9,6
2851,-6.33,26,9,7
2852,-4.19,26,9,8
2853,-21.98,27,9,0
2854,-6.56,27,9,1
2855,4.7,27,9,2
2856,11.98,27,9,3
2857,14.0,27,9,4
2858,8.69,27,9,5
2859,17.0,27,9,6
2860,15.2,27,9,7
2861,26.56,27,9,8
2862,-27.82,28,9,0
2863,-0.15,28,9,1
2864,18.1,28,9,2
2865,14.32,28,9,3
2866,17.32,28,9,4
2867,11.52,28,9,5
2868,13.1,28,9,6
2869,13.93,28,9,7
2870,14.41,28,9,8
2871,-31.04,29,9,0
2872,-28.24,29,9,1
2873,-27.42,29,9,2
2874,-26.82,29,9,3
2875,-21.93,29,9,4
2876,-27.76,29,9,5
2877,-26.81,29,9,6
2878,-29.05,29,9,7
2879,-30.85,29,9,8
2880,-37.83,3,9,0
2881,-29.6,3,9,1
2882,-34.86,3,9,2
2883,-31.94,3,9,3
2884,-30.93,3,9,4
2885,-27.99,3,9,5
2886,-30.83,3,9,6
2887,-28.48,3,9,7
2888,-34.18,3,9,8
2889,-30.37,30,9,0
2890,-23.48,30,9,1
2891,-17.0,30,9,2
2892,-3.43,30,9,3
2893,5.63,30,9,4
2894,3.86,30,9,5
2895,12.05,30,9,6
2896,11.16,30,9,7
2897,15.99,30,9,8
2898,-43.97,32,9,0
2899,-39.94,32,9,1
2900,-36.95,32,9,2
2901,-13.65,32,9,3
2902,4.97,32,9,4
2903,19.51,32,9,5
2904,19.53,32,9,6
2905,34.3,32,9,7
2906,29.51,32,9,8
2907,-30.8,34,9,0
2908,-26.0,34,9,1
2909,-17.59,34,9,2
2910,-7.41,34,9,3
2911,12.39,34,9,4
2912,13.03,34,9,5
2913,13.38,34,9,6
2914,4.57,34,9,7
2915,12.73,34,9,8
2916,-42.97,38,9,0
2917,-30.78,38,9,1
2918,-27.19,38,9,2
2919,-15.2,38,9,3
2920,-7.38,38,9,4
2921,-8.14,38,9,5
2922,0.36,38,9,6
2923,4.4,38,9,7
2924,9.58,38,9,8
2925,-25.16,39,9,0
2926,-28.91,39,9,1
2927,-27.01,39,9,2
2928,-10.85,39,9,3
2929,-6.96,39,9,4
2930,-6.15,39,9,5
2931,-9.34,39,9,6
2932,-1.67,39,9,7
2933,-1.19,39,9,8
2934,-33.42,4,9,0
2935,-29.94,4,9,1
2936,-27.27,4,9,2
2937,-28.3,4,9,3
2938,-36.04,4,9,4
2939,-29.12,4,9,5
2940,-32.55,4,9,6
2941,-30.07,4,9,7
2942,-33.1,4,9,8
2943,-30.84,40,9,0
2944,-1.93,40,9,1
2945,12.29,40,9,2
2946,17.17,40,9,3
2947,26.56,40,9,4
2948,17.24,40,9,5
2949,25.17,40,9,6
2950,15.9,40,9,7
2951,15.03,40,9,8
2952,-31.22,41,9,0
2953,-26.14,41,9,1
2954,-15.66,41,9,2
2955,-14.14,41,9,3
2956,-5.24,41,9,4
2957,-6.41,41,9,5
2958,-15.29,41,9,6
2959,-7.94,41,9,7
2960,-1.87,41,9,8
2961,-20.02,44,9,0
2962,-6.61,44,9,1
2963,-4.45,44,9,2
2964,5.45,44,9,3
2965,5.27,44,9,4
2966,8.49,44,9,5
2967,5.12,44,9,6
2968,15.58,44,9,7
2969,7.6,44,9,8
2970,-27.74,45,9,0
2971,-15.23,45,9,1
2972,1.28,45,9,2
2973,9.82,45,9,3
2974,18.37,45,9,4
2975,21.37,45,9,5
2976,19.27,45,9,6
2977,14.88,45,9,7
2978,8.9,45,9,8
2979,-33.0,46,9,0
2980,-21.78,46,9,1
2981,-25.09,46,9,2
2982,-18.03,46,9,3
2983,0.09,46,9,4
2984,-3.06,46,9,5
2985,5.25,46,9,6
2986,9.64,46,9,7
2987,6.03,46,9,8
2988,-32.36,47,9,0
2989,-32.51,47,9,1
2990,-23.11,47,9,2
2991,-16.11,47,9,3
2992,-4.09,47,9,4
2993,-0.07,47,9,5
2994,13.77,47,9,6
2995,11.63,47,9,7
2996,8.35,47,9,8
2997,,48,9,0
2998,-38.43,48,9,1
2999,-1.66,48,9,2
3000,13.25,48,9,3
3001,18.03,48,9,4
3002,15.06,48,9,5
3003,32.81,48,9,6
3004,27.37,48,9,7
3005,28.49,48,9,8
3006,20.28,48,9,9
3007,,48,9,10
3008,-38.24,48,9,11
3009,-27.96,48,9,12
3010,2.21,48,9,13
3011,15.75,48,9,14
3012,27.56,48,9,15
3013,25.39,48,9,16
3014,23.35,48,9,17
3015,12.93,48,9,18
3016,33.3,48,9,19
3017,,48,9,20
3018,,49,9,0
3019,-17.83,49,9,1
3020,-13.11,49,9,2
3021,-6.13,49,9,3
3022,-10.37,49,9,4
3023,0.07,49,9,5
3024,-7.24,49,9,6
3025,4.73,49,9,7
3026,3.47,49,9,8
3027,16.23,49,9,9
3028,,49,9,10
3029,-37.53,49,9,11
3030,-30.55,49,9,12
3031,-8.65,49,9,13
3032,3.79,49,9,14
3033,15.45,49,9,15
3034,17.6,49,9,16
3035,27.63,49,9,17
3036,21.34,49,9,18
3037,20.32,49,9,19
3038,,49,9,20
3039,-28.95,5,9,0
3040,-27.75,5,9,1
3041,-22.7,5,9,2
3042,-26.56,5,9,3
3043,-31.23,5,9,4
3044,-30.6,5,9,5
3045,-23.47,5,9,6
3046,-32.65,5,9,7
3047,-35.81,5,9,8
3048,-43.59,50,9,0
3049,-31.34,50,9,1
3050,-6.55,50,9,2
3051,5.46,50,9,3
3052,3.85,50,9,4
3053,5.38,50,9,5
3054,6.29,50,9,6
3055,5.52,50,9,7
3056,-2.88,50,9,8
3057,-36.78,6,9,0
3058,-32.04,6,9,1
3059,-28.45,6,9,2
3060,-22.27,6,9,3
3061,-22.29,6,9,4
3062,-15.25,6,9,5
3063,-14.07,6,9,6
3064,-11.64,6,9,7
3065,-15.09,6,9,8
3066,-32.48,7,9,0
3067,-27.51,7,9,1
3068,-25.28,7,9,2
3069,-18.47,7,9,3
3070,-37.17,7,9,4
3071,-6.17,7,9,5
3072,-5.3,7,9,6
3073,-1.06,7,9,7
3074,-2.08,7,9,8
3075,-30.5,8,9,0
3076,-33.35,8,9,1
3077,-28.58,8,9,2
3078,-22.74,8,9,3
3079,-17.85,8,9,4
3080,-15.4,8,9,5
3081,-9.15,8,9,6
3082,-6.91,8,9,7
3083,-7.7,8,9,8
3084,-30.59,9,9,0
3085,-31.33,9,9,1
3086,-34.41,9,9,2
3087,-30.93,9,9,3
3088,-32.11,9,9,4
3089,-34.48,9,9,5
3090,-31.34,9,9,6
3091,-31.04,9,9,7
3092,-34.72,9,9,8
